Date,Symbol,Open,High,Low,Close,Adj Close,Volume
2022-12-15,GEHC,63.0,63.0,60.0,60.0,59.678279876708984,1318200
2022-12-16,GEHC,60.0,60.0,55.0,56.7400016784668,56.43575668334961,2307500
2022-12-19,GEHC,53.0,58.9900016784668,53.0,56.5,56.19704055786133,117200
2022-12-20,GEHC,58.0,58.0,56.7599983215332,57.209999084472656,56.903236389160156,22200
2022-12-21,GEHC,59.0,66.27999877929688,55.5,56.959999084472656,56.65457534790039,290700
2022-12-22,GEHC,58.43000030517578,61.01900100708008,57.0,57.599998474121094,57.2911491394043,3253200
2022-12-23,GEHC,58.09000015258789,60.645999908447266,57.0,57.5,57.19167709350586,125800
2022-12-27,GEHC,57.97999954223633,58.9900016784668,57.375,57.45000076293945,57.14194869995117,26500
2022-12-28,GEHC,57.93000030517578,58.0,57.0,57.5,57.19167709350586,514800
2022-12-29,GEHC,58.5,58.779998779296875,57.75,58.0,57.68899917602539,374800
2022-12-30,GEHC,58.7400016784668,59.0,57.72999954223633,58.380001068115234,58.06696319580078,351100
2023-01-03,GEHC,60.68000030517578,60.68000030517578,55.869998931884766,56.0,55.69972229003906,1794100
2023-01-04,GEHC,54.130001068115234,60.709999084472656,53.5,60.4900016784668,60.165645599365234,33338500
2023-01-05,GEHC,60.63999938964844,62.97999954223633,58.13999938964844,59.0,58.68363571166992,8850600
2023-01-06,GEHC,59.68000030517578,59.939998626708984,57.869998931884766,58.95000076293945,58.63390350341797,5902600
2023-01-09,GEHC,58.790000915527344,59.97999954223633,57.72999954223633,58.099998474121094,57.78846740722656,5288900
2023-01-10,GEHC,59.150001525878906,60.060001373291016,58.05500030517578,60.0,59.678279876708984,6663000
2023-01-11,GEHC,60.439998626708984,66.37999725341797,60.07500076293945,64.98999786376953,64.64151763916016,9219400
2023-01-12,GEHC,66.08999633789062,66.5199966430664,63.65999984741211,65.6500015258789,65.29798126220703,5819800
2023-01-13,GEHC,65.0,65.5,63.7400016784668,65.44000244140625,65.08911895751953,3772100
2023-01-17,GEHC,63.939998626708984,65.7300033569336,63.2599983215332,63.33000183105469,62.990413665771484,3774600
2023-01-18,GEHC,63.20000076293945,63.5,61.9900016784668,62.08000183105469,61.74713134765625,2610300
2023-01-19,GEHC,61.33000183105469,64.5,61.29999923706055,63.939998626708984,63.5971565246582,2585600
2023-01-20,GEHC,63.959999084472656,67.81999969482422,63.540000915527344,66.7699966430664,66.41197204589844,4001600
2023-01-23,GEHC,67.3499984741211,69.91000366210938,66.77799987792969,69.5199966430664,69.147216796875,3724100
2023-01-24,GEHC,69.02999877929688,70.62999725341797,68.70999908447266,69.5999984741211,69.22679138183594,2591000
2023-01-25,GEHC,68.45999908447266,69.69999694824219,66.94999694824219,68.70999908447266,68.34156799316406,2802100
2023-01-26,GEHC,68.51000213623047,69.44999694824219,67.80000305175781,69.22000122070312,68.84883880615234,2075900
2023-01-27,GEHC,68.86000061035156,70.51000213623047,68.36000061035156,70.08000183105469,69.70423126220703,2810600
2023-01-30,GEHC,68.41000366210938,73.94999694824219,67.91999816894531,71.5,71.11661529541016,4259900
2023-01-31,GEHC,71.01000213623047,71.11499786376953,68.5,69.5199966430664,69.147216796875,3084300
2023-02-01,GEHC,69.0,70.73999786376953,67.52999877929688,70.01000213623047,69.63459014892578,2698700
2023-02-02,GEHC,69.58999633789062,71.88999938964844,69.0,70.6500015258789,70.27116394042969,2776000
2023-02-03,GEHC,69.62999725341797,70.62999725341797,69.0999984741211,70.55000305175781,70.17170715332031,3074900
2023-02-06,GEHC,69.91000366210938,72.3499984741211,69.54000091552734,71.86000061035156,71.47467041015625,2227400
2023-02-07,GEHC,71.58000183105469,72.19999694824219,71.0999984741211,71.62999725341797,71.24589538574219,1932300
2023-02-08,GEHC,71.20999908447266,71.41999816894531,70.0199966430664,70.16999816894531,69.79373168945312,1111900
2023-02-09,GEHC,70.25,70.9800033569336,68.20999908447266,68.41000366210938,68.04318237304688,1186000
2023-02-10,GEHC,68.19999694824219,69.54000091552734,68.19000244140625,69.23999786376953,68.86872100830078,1968100
2023-02-13,GEHC,68.5199966430664,69.87000274658203,67.91000366210938,69.43000030517578,69.05769348144531,2223200
2023-02-14,GEHC,68.94999694824219,73.16999816894531,68.71399688720703,72.61000061035156,72.22064971923828,3036000
2023-02-15,GEHC,72.69999694824219,73.54000091552734,71.72000122070312,72.31999969482422,71.93222045898438,1773000
2023-02-16,GEHC,71.5999984741211,71.81999969482422,70.33999633789062,70.91000366210938,70.52977752685547,1829400
2023-02-17,GEHC,70.97000122070312,73.4800033569336,70.88999938964844,73.16999816894531,72.77765655517578,2408600
2023-02-21,GEHC,72.62000274658203,73.0999984741211,72.25,72.47000122070312,72.0814208984375,1835500
2023-02-22,GEHC,72.2699966430664,73.0,70.84300231933594,71.94000244140625,71.55425262451172,2010200
2023-02-23,GEHC,72.44000244140625,76.20999908447266,72.28299713134766,75.9000015258789,75.4930191040039,3763200
2023-02-24,GEHC,74.83999633789062,75.7699966430664,74.22000122070312,75.01000213623047,74.60779571533203,2102900
2023-02-27,GEHC,75.0,76.9800033569336,74.56999969482422,76.04000091552734,75.63227081298828,2139600
2023-02-28,GEHC,76.04000091552734,76.33999633789062,75.30000305175781,76.0,75.59249114990234,3511800
2023-03-01,GEHC,75.37000274658203,75.73999786376953,75.01000213623047,75.30000305175781,74.89624786376953,2534300
2023-03-02,GEHC,74.79000091552734,75.47000122070312,74.5,75.04000091552734,74.63762664794922,1391900
2023-03-03,GEHC,75.52999877929688,76.9000015258789,75.12000274658203,76.37000274658203,75.96049499511719,2082700
2023-03-06,GEHC,75.91000366210938,77.16000366210938,75.69999694824219,76.68000030517578,76.26884460449219,1874100
2023-03-07,GEHC,76.36000061035156,76.83499908447266,75.93000030517578,76.25,75.84113311767578,1709400
2023-03-08,GEHC,76.25,77.4000015258789,76.10199737548828,76.62999725341797,76.21910095214844,1641300
2023-03-09,GEHC,77.0,77.4000015258789,75.9000015258789,76.37999725341797,75.97045135498047,1683800
2023-03-10,GEHC,75.87999725341797,76.52999877929688,74.5,74.97000122070312,74.56798553466797,3388600
2023-03-13,GEHC,74.94999694824219,77.4800033569336,74.04000091552734,76.23999786376953,75.8311996459961,2272100
2023-03-14,GEHC,76.69000244140625,78.76000213623047,76.3499984741211,77.13999938964844,76.72636413574219,1992300
2023-03-15,GEHC,75.93000030517578,76.80999755859375,75.58999633789062,76.76000213623047,76.34840393066406,2326200
2023-03-16,GEHC,75.95999908447266,77.44999694824219,75.75,76.62000274658203,76.20915222167969,1624600
2023-03-17,GEHC,76.86000061035156,77.54000091552734,75.43000030517578,75.83999633789062,75.43334197998047,5803300
2023-03-20,GEHC,75.48999786376953,75.80999755859375,74.51000213623047,75.19999694824219,74.7967758178711,1714100
2023-03-21,GEHC,75.6500015258789,76.68000030517578,75.5,76.5199966430664,76.10968780517578,1401600
2023-03-22,GEHC,76.86000061035156,77.05000305175781,74.70999908447266,74.7699966430664,74.36905670166016,1549800
2023-03-23,GEHC,75.41000366210938,76.70999908447266,74.87000274658203,75.70999908447266,75.30403137207031,1393700
2023-03-24,GEHC,75.26000213623047,76.48999786376953,74.88999938964844,76.45999908447266,76.0500259399414,1154800
2023-03-27,GEHC,76.81999969482422,77.45999908447266,76.26499938964844,76.37999725341797,75.97045135498047,1196600
2023-03-28,GEHC,76.37999725341797,76.94000244140625,76.1500015258789,76.9000015258789,76.48765563964844,760800
2023-03-29,GEHC,77.36000061035156,79.47000122070312,77.05999755859375,79.23999786376953,78.81510162353516,1786000
2023-03-30,GEHC,79.77999877929688,82.28900146484375,79.5,82.13999938964844,81.6995620727539,2188900
2023-03-31,GEHC,82.25,82.58999633789062,81.58000183105469,82.02999877929688,81.59014129638672,1916200
2023-04-03,GEHC,82.0,82.62000274658203,81.47000122070312,81.80999755859375,81.37132263183594,1913100
2023-04-04,GEHC,82.0,82.16000366210938,81.47000122070312,81.58999633789062,81.15250396728516,1552700
2023-04-05,GEHC,81.5,81.80000305175781,80.6500015258789,81.12000274658203,80.68502807617188,1410600
2023-04-06,GEHC,80.97000122070312,81.05999755859375,80.08999633789062,80.16000366210938,79.73017120361328,1356700
2023-04-10,GEHC,79.93000030517578,80.62999725341797,79.69999694824219,80.58999633789062,80.1578598022461,1579200
2023-04-11,GEHC,80.58999633789062,80.68499755859375,79.95999908447266,80.58999633789062,80.1578598022461,1167000
2023-04-12,GEHC,81.00499725341797,81.9000015258789,80.60700225830078,81.75,81.31166076660156,1232000
2023-04-13,GEHC,81.6500015258789,83.1719970703125,81.37999725341797,82.94000244140625,82.4952621459961,1252800
2023-04-14,GEHC,82.44999694824219,83.27999877929688,81.9800033569336,82.37000274658203,81.92833709716797,1163600
2023-04-17,GEHC,82.16999816894531,83.23999786376953,82.0,82.72000122070312,82.27645111083984,861000
2023-04-18,GEHC,82.79000091552734,84.16000366210938,82.79000091552734,83.66000366210938,83.21141052246094,1522000
2023-04-19,GEHC,83.79000091552734,86.87999725341797,83.75,85.75,85.29019927978516,2422900
2023-04-20,GEHC,85.37000274658203,86.31999969482422,84.68000030517578,85.0,84.54421997070312,1634900
2023-04-21,GEHC,85.19999694824219,86.51499938964844,85.08999633789062,86.4800033569336,86.01628875732422,1850600
2023-04-24,GEHC,86.5999984741211,87.83000183105469,86.18000030517578,87.79000091552734,87.31925964355469,2692800
2023-04-25,GEHC,83.5,83.5,78.77999877929688,80.38999938964844,79.95893096923828,7291400
2023-04-26,GEHC,79.7300033569336,80.2699966430664,77.55999755859375,80.12000274658203,79.69038391113281,3489500
2023-04-27,GEHC,80.81999969482422,81.54000091552734,80.62000274658203,81.5199966430664,81.0828857421875,1557000
2023-04-28,GEHC,81.19999694824219,81.7300033569336,81.01000213623047,81.33999633789062,80.90383911132812,1617600
2023-05-01,GEHC,81.08000183105469,81.72899627685547,80.7249984741211,80.77999877929688,80.34683990478516,1355800
2023-05-02,GEHC,80.33999633789062,80.6500015258789,77.88999938964844,78.45999908447266,78.0392837524414,1879100
2023-05-03,GEHC,78.47000122070312,80.41999816894531,78.0199966430664,79.70999908447266,79.28258514404297,1748900
2023-05-04,GEHC,79.62000274658203,80.26000213623047,77.69000244140625,78.26000213623047,77.84037780761719,1751400
2023-05-05,GEHC,78.5,79.52999877929688,78.5,78.98999786376953,78.56644439697266,1077400
2023-05-08,GEHC,78.87999725341797,79.48999786376953,78.61000061035156,79.41999816894531,78.99414825439453,842300
2023-05-09,GEHC,78.55000305175781,78.79000091552734,76.12000274658203,76.37000274658203,75.96049499511719,2499700
2023-05-10,GEHC,76.5,76.76000213623047,74.97000122070312,75.9000015258789,75.4930191040039,1792900
2023-05-11,GEHC,75.70999908447266,75.70999908447266,74.70999908447266,74.98999786376953,74.58788299560547,1504800
2023-05-12,GEHC,74.88999938964844,75.01000213623047,74.2699966430664,74.91999816894531,74.51827239990234,2577800
2023-05-15,GEHC,75.0999984741211,75.55999755859375,74.69999694824219,74.93000030517578,74.52821350097656,1187900
2023-05-16,GEHC,75.2699966430664,78.2699966430664,75.22000122070312,77.77999877929688,77.36295318603516,2668900
2023-05-17,GEHC,77.93000030517578,80.61000061035156,76.20600128173828,80.30000305175781,79.8694076538086,3716300
2023-05-18,GEHC,80.41999816894531,81.12999725341797,79.22000122070312,79.69000244140625,79.26271057128906,1483500
2023-05-19,GEHC,80.08999633789062,81.08899688720703,79.12000274658203,79.33999633789062,78.91456604003906,1312900
2023-05-22,GEHC,79.3499984741211,79.41899871826172,78.70999908447266,79.08000183105469,78.68573760986328,1357700
2023-05-23,GEHC,78.95999908447266,79.77300262451172,77.05999755859375,77.19000244140625,76.80514526367188,1382400
2023-05-24,GEHC,76.97000122070312,77.13999938964844,76.08000183105469,76.52999877929688,76.14842987060547,1431900
2023-05-25,GEHC,76.52999877929688,80.05999755859375,75.61000061035156,79.86000061035156,79.46183776855469,3127800
2023-05-26,GEHC,79.7699966430664,80.19999694824219,78.37000274658203,78.43000030517578,78.03895568847656,2243100
2023-05-30,GEHC,78.25,79.05000305175781,77.41000366210938,77.95999908447266,77.57130432128906,1775800
2023-05-31,GEHC,78.54000091552734,79.7300033569336,77.74299621582031,79.51000213623047,79.11356353759766,4501500
2023-06-01,GEHC,79.7300033569336,80.0999984741211,78.88999938964844,79.83000183105469,79.43199157714844,2355500
2023-06-02,GEHC,80.30000305175781,80.87000274658203,79.9000015258789,79.97000122070312,79.57127380371094,2404500
2023-06-05,GEHC,79.91000366210938,80.7239990234375,78.77999877929688,80.48999786376953,80.08867645263672,1416700
2023-06-06,GEHC,78.0,83.18000030517578,77.80000305175781,82.93000030517578,82.51651763916016,23800600
2023-06-07,GEHC,81.48999786376953,82.26000213623047,80.19000244140625,80.4800033569336,80.07874298095703,3883900
2023-06-08,GEHC,77.3499984741211,78.4000015258789,76.75,77.75,77.36235809326172,15048600
2023-06-09,GEHC,78.0999984741211,78.5,77.05999755859375,77.0999984741211,76.71559143066406,4894700
2023-06-12,GEHC,77.25,78.30999755859375,76.9000015258789,78.2699966430664,77.87975311279297,5545200
2023-06-13,GEHC,78.30000305175781,78.4489974975586,76.69999694824219,77.79000091552734,77.40213775634766,4122300
2023-06-14,GEHC,78.18000030517578,78.80000305175781,77.4800033569336,78.52999877929688,78.13845825195312,3322600
2023-06-15,GEHC,78.66000366210938,79.16999816894531,78.2249984741211,79.0999984741211,78.70561981201172,3277900
2023-06-16,GEHC,79.5,80.0999984741211,78.48999786376953,78.6500015258789,78.25786590576172,5390600
2023-06-20,GEHC,78.36000061035156,79.16000366210938,77.75,78.9000015258789,78.5066146850586,3151100
2023-06-21,GEHC,78.79000091552734,80.0,78.29000091552734,79.62000274658203,79.2230224609375,2805700
2023-06-22,GEHC,79.94000244140625,80.75,79.58000183105469,80.20999908447266,79.81009674072266,2229200
2023-06-23,GEHC,79.86000061035156,80.3499984741211,79.01000213623047,79.81999969482422,79.42202758789062,7973000
2023-06-26,GEHC,80.0199966430664,80.30000305175781,77.73999786376953,77.80000305175781,77.41211700439453,2500700
2023-06-27,GEHC,77.94999694824219,78.3499984741211,76.19200134277344,77.06999969482422,76.68572998046875,3250400
2023-06-28,GEHC,77.5,77.58999633789062,76.33999633789062,77.19000244140625,76.80514526367188,2920500
2023-06-29,GEHC,77.2699966430664,78.69999694824219,77.1500015258789,78.68000030517578,78.28771209716797,1908200
2023-06-30,GEHC,79.41999816894531,81.41000366210938,79.31400299072266,81.23999786376953,80.83495330810547,3429500
2023-07-03,GEHC,81.41000366210938,81.45999908447266,79.9000015258789,80.69000244140625,80.2876968383789,1086900
2023-07-05,GEHC,80.37000274658203,81.29000091552734,79.93499755859375,80.6500015258789,80.24790954589844,2655900
2023-07-06,GEHC,80.0,80.2699966430664,79.0,79.12000274658203,78.72553253173828,2595900
2023-07-07,GEHC,78.9800033569336,80.10800170898438,78.30000305175781,79.62000274658203,79.2230224609375,2892600
2023-07-10,GEHC,80.12999725341797,80.77999877929688,80.0,80.66000366210938,80.25785064697266,2263000
2023-07-11,GEHC,80.5,81.44499969482422,80.20999908447266,81.26000213623047,80.85486602783203,1793100
2023-07-12,GEHC,81.29000091552734,82.66000366210938,81.29000091552734,81.69000244140625,81.28270721435547,2124800
2023-07-13,GEHC,81.7300033569336,82.0,80.9000015258789,81.4000015258789,80.99415588378906,1476300
2023-07-14,GEHC,81.5,82.16000366210938,81.2300033569336,81.81999969482422,81.41206359863281,1791900
2023-07-17,GEHC,81.73999786376953,82.36000061035156,81.08000183105469,81.19000244140625,80.78520965576172,2343200
2023-07-18,GEHC,81.10800170898438,82.8949966430664,80.75,82.47000122070312,82.0588150024414,2842800
2023-07-19,GEHC,82.77999877929688,82.94000244140625,81.66000366210938,81.75,81.3424072265625,2781700
2023-07-20,GEHC,82.25,83.1449966430664,81.80000305175781,81.8499984741211,81.4718017578125,3113900
2023-07-21,GEHC,82.08000183105469,83.13999938964844,82.0199966430664,82.62999725341797,82.2481918334961,7717700
2023-07-24,GEHC,82.4800033569336,82.68000030517578,80.2699966430664,80.62999725341797,80.2574462890625,4335700
2023-07-25,GEHC,80.83999633789062,82.3499984741211,78.58000183105469,80.20999908447266,79.83939361572266,4729500
2023-07-26,GEHC,80.26000213623047,80.30799865722656,77.29000091552734,77.43000030517578,77.07222747802734,4148600
2023-07-27,GEHC,78.0,78.87000274658203,76.25,76.86000061035156,76.5048599243164,3224700
2023-07-28,GEHC,77.23999786376953,78.31999969482422,76.88999938964844,77.87000274658203,77.51020812988281,2910100
2023-07-31,GEHC,77.72000122070312,78.02999877929688,76.2699966430664,78.0,77.63960266113281,3916200
2023-08-01,GEHC,77.83999633789062,78.03500366210938,77.0999984741211,77.69000244140625,77.33102416992188,2126700
2023-08-02,GEHC,77.31999969482422,77.77999877929688,76.1500015258789,76.58999633789062,76.23611450195312,3073000
2023-08-03,GEHC,76.63999938964844,76.69000244140625,75.68000030517578,76.0199966430664,75.66875457763672,2053300
2023-08-04,GEHC,75.9800033569336,76.79499816894531,75.6259994506836,75.9000015258789,75.54930877685547,1449600
2023-08-07,GEHC,76.0999984741211,76.29000091552734,75.16999816894531,75.58999633789062,75.24073028564453,1668300
2023-08-08,GEHC,75.29000091552734,75.47000122070312,73.31999969482422,73.93000030517578,73.5884017944336,2574900
2023-08-09,GEHC,73.80000305175781,74.87999725341797,73.41999816894531,73.91999816894531,73.57845306396484,3028400
2023-08-10,GEHC,74.25,74.58000183105469,72.12000274658203,72.30000305175781,71.96593475341797,3681600
2023-08-11,GEHC,72.13999938964844,72.13999938964844,70.86000061035156,71.58999633789062,71.25920104980469,2898300
2023-08-14,GEHC,71.5,71.87000274658203,70.8499984741211,71.80000305175781,71.46826171875,2601100
2023-08-15,GEHC,71.75,71.75,70.19000244140625,70.54000091552734,70.21405792236328,2476300
2023-08-16,GEHC,71.20999908447266,72.27999877929688,70.41999816894531,70.66999816894531,70.3434829711914,3697400
2023-08-17,GEHC,70.69999694824219,70.80000305175781,68.23999786376953,68.38999938964844,68.07400512695312,3791900
2023-08-18,GEHC,68.19999694824219,68.75,67.8949966430664,68.36000061035156,68.04413604736328,2929200
2023-08-21,GEHC,69.33000183105469,69.5,68.5999984741211,68.97000122070312,68.65131378173828,2807800
2023-08-22,GEHC,69.1500015258789,69.4000015258789,68.66999816894531,68.93000030517578,68.61149597167969,2168400
2023-08-23,GEHC,68.95999908447266,69.52999877929688,68.80999755859375,68.98999786376953,68.67122650146484,2079500
2023-08-24,GEHC,69.63999938964844,69.79000091552734,68.23999786376953,68.43000030517578,68.11380004882812,2623200
2023-08-25,GEHC,68.41000366210938,68.88999938964844,67.61000061035156,68.58999633789062,68.27307891845703,3096600
2023-08-28,GEHC,69.05999755859375,69.66000366210938,68.76000213623047,69.30999755859375,68.98975372314453,2438700
2023-08-29,GEHC,69.33000183105469,70.5,69.33000183105469,70.4800033569336,70.15435028076172,2044300
2023-08-30,GEHC,70.5,70.98999786376953,70.2300033569336,70.38999938964844,70.06475830078125,1889200
2023-08-31,GEHC,70.51000213623047,71.12999725341797,69.86100006103516,70.44999694824219,70.12448120117188,3573300
2023-09-01,GEHC,70.66999816894531,71.0199966430664,69.0999984741211,69.25,68.9300308227539,2097300
2023-09-05,GEHC,69.12999725341797,69.16000366210938,67.41000366210938,67.66000366210938,67.34737396240234,3773500
2023-09-06,GEHC,67.51000213623047,68.19999694824219,66.05999755859375,66.9800033569336,66.67052459716797,3140100
2023-09-07,GEHC,68.08999633789062,68.16999816894531,65.83000183105469,65.9000015258789,65.59550476074219,2836900
2023-09-08,GEHC,65.91999816894531,65.98999786376953,64.72000122070312,64.9000015258789,64.60012817382812,3103100
2023-09-11,GEHC,65.31999969482422,67.3499984741211,65.19999694824219,66.62000274658203,66.31217956542969,3630500
2023-09-12,GEHC,66.37999725341797,66.62000274658203,65.22000122070312,65.4000015258789,65.09780883789062,2381800
2023-09-13,GEHC,65.12000274658203,65.94000244140625,64.20999908447266,64.52999877929688,64.23184967041016,3612800
2023-09-14,GEHC,64.86000061035156,66.05999755859375,64.56999969482422,66.0,65.69503784179688,3945100
2023-09-15,GEHC,66.0,66.5,65.58000183105469,66.43000030517578,66.1230697631836,6711100
2023-09-18,GEHC,65.87000274658203,66.98999786376953,65.87000274658203,66.27999877929688,65.9737548828125,3205300
2023-09-19,GEHC,66.5,66.75,65.3499984741211,66.12000274658203,65.8144760131836,3160400
2023-09-20,GEHC,66.41999816894531,66.80000305175781,64.9000015258789,65.01000213623047,64.70960998535156,1796400
2023-09-21,GEHC,64.62000274658203,64.88999938964844,63.790000915527344,63.88999938964844,63.59479904174805,2172500
2023-09-22,GEHC,63.83000183105469,64.80500030517578,63.736000061035156,64.33000183105469,64.0327377319336,2277800
2023-09-25,GEHC,64.0,67.04000091552734,64.0,66.4800033569336,66.17283630371094,3214500
2023-09-26,GEHC,66.19000244140625,67.40499877929688,66.12000274658203,66.20999908447266,65.9040756225586,3619900
2023-09-27,GEHC,66.37000274658203,68.41100311279297,66.1500015258789,68.27999877929688,67.9645004272461,5470000
2023-09-28,GEHC,68.73999786376953,70.58000183105469,68.01000213623047,69.77999877929688,69.45756530761719,4817700
2023-09-29,GEHC,70.08000183105469,70.19999694824219,67.93000030517578,68.04000091552734,67.72563171386719,3146200
2023-10-02,GEHC,68.0,68.66000366210938,67.56999969482422,67.83999633789062,67.52653503417969,1942100
2023-10-03,GEHC,67.3499984741211,67.52999877929688,66.4000015258789,66.9800033569336,66.67052459716797,2726100
2023-10-04,GEHC,67.13999938964844,68.06999969482422,66.47000122070312,67.87999725341797,67.56634521484375,2084400
2023-10-05,GEHC,68.33999633789062,68.68000030517578,66.62699890136719,67.5999984741211,67.28764343261719,1894300
2023-10-06,GEHC,67.01000213623047,68.98999786376953,66.6500015258789,68.45999908447266,68.1436767578125,2319800
2023-10-09,GEHC,67.81999969482422,68.08000183105469,67.18000030517578,67.80000305175781,67.48672485351562,1600300
2023-10-10,GEHC,68.0,68.62999725341797,67.61000061035156,68.19000244140625,67.87494659423828,2209000
2023-10-11,GEHC,68.30999755859375,68.30999755859375,67.04000091552734,67.77999877929688,67.4668197631836,2032900
2023-10-12,GEHC,67.72000122070312,67.91000366210938,66.16999816894531,66.51000213623047,66.20269012451172,2252100
2023-10-13,GEHC,66.12999725341797,67.63999938964844,66.05999755859375,67.12000274658203,66.80986785888672,1984200
2023-10-16,GEHC,67.62999725341797,67.69000244140625,66.33000183105469,66.87999725341797,66.57097625732422,1951500
2023-10-17,GEHC,66.37000274658203,67.41000366210938,66.06999969482422,66.80000305175781,66.49134826660156,1596000
2023-10-18,GEHC,66.30000305175781,66.4800033569336,65.08999633789062,65.2300033569336,64.92859649658203,1917700
2023-10-19,GEHC,65.2300033569336,66.66999816894531,64.83999633789062,65.44999694824219,65.17755889892578,1669200
2023-10-20,GEHC,65.52999877929688,65.52999877929688,63.86000061035156,64.05000305175781,63.78339385986328,2575000
2023-10-23,GEHC,63.95000076293945,64.54000091552734,63.36000061035156,63.9900016784668,63.72364044189453,2412500
2023-10-24,GEHC,64.0199966430664,65.05999755859375,63.959999084472656,64.66999816894531,64.40080261230469,2511200
2023-10-25,GEHC,64.19999694824219,64.98999786376953,63.97999954223633,64.51000213623047,64.2414779663086,3179600
2023-10-26,GEHC,64.12000274658203,64.73999786376953,63.58000183105469,63.90999984741211,63.64397048950195,3484900
2023-10-27,GEHC,64.19999694824219,64.31999969482422,62.720001220703125,63.099998474121094,62.837337493896484,2606400
2023-10-30,GEHC,63.540000915527344,63.66999816894531,62.349998474121094,63.16999816894531,62.90705108642578,4484200
2023-10-31,GEHC,66.69000244140625,67.69999694824219,65.7699966430664,66.56999969482422,66.29290008544922,7555100
2023-11-01,GEHC,66.75,68.44999694824219,66.0,68.27999877929688,67.99577331542969,4523300
2023-11-02,GEHC,69.5999984741211,69.76000213623047,68.27999877929688,69.25,68.96174621582031,3115900
2023-11-03,GEHC,69.94000244140625,71.9000015258789,69.62999725341797,71.56999969482422,71.27208709716797,4022800
2023-11-06,GEHC,71.66999816894531,71.95999908447266,70.76000213623047,71.08999633789062,70.7940673828125,2350100
2023-11-07,GEHC,71.25,71.45999908447266,70.68000030517578,70.69999694824219,70.40570068359375,1912900
2023-11-08,GEHC,71.16000366210938,71.16000366210938,69.5250015258789,69.98999786376953,69.69866943359375,2062100
2023-11-09,GEHC,70.12999725341797,70.13999938964844,68.05000305175781,68.30999755859375,68.02564239501953,1981500
2023-11-10,GEHC,68.55000305175781,69.56999969482422,68.38999938964844,69.5199966430664,69.2306137084961,2773300
2023-11-13,GEHC,69.56999969482422,70.55000305175781,69.3499984741211,70.01000213623047,69.71858978271484,1993200
2023-11-14,GEHC,71.0,72.37000274658203,70.68000030517578,72.20999908447266,71.909423828125,2634400
2023-11-15,GEHC,72.0,72.62999725341797,71.4749984741211,71.5199966430664,71.2222671508789,2780100
2023-11-16,GEHC,72.0,72.66000366210938,71.5,71.91999816894531,71.62063598632812,2946600
2023-11-17,GEHC,72.52999877929688,73.37899780273438,72.0250015258789,73.0,72.69613647460938,2920000
2023-11-20,GEHC,73.08999633789062,73.48999786376953,72.7699966430664,73.33000183105469,73.02474975585938,1787600
2023-11-21,GEHC,73.5,73.69000244140625,72.58999633789062,73.37999725341797,73.07455444335938,1469300
2023-11-22,GEHC,73.75,74.18000030517578,73.19000244140625,73.5999984741211,73.29364013671875,1123300
2023-11-24,GEHC,73.81999969482422,73.83999633789062,73.39099884033203,73.70999908447266,73.40318298339844,558900
2023-11-27,GEHC,71.26000213623047,71.51499938964844,70.55000305175781,71.13999938964844,70.84387969970703,4253600
2023-11-28,GEHC,70.69999694824219,70.78500366210938,68.1050033569336,68.12999725341797,67.84639739990234,5167900
2023-11-29,GEHC,68.30000305175781,68.84300231933594,67.45999908447266,67.70999908447266,67.42814636230469,3762900
2023-11-30,GEHC,67.70999908447266,68.68000030517578,66.38999938964844,68.45999908447266,68.1750259399414,3324600
2023-12-01,GEHC,68.3499984741211,69.66999816894531,68.15799713134766,69.41000366210938,69.12109375,1898700
2023-12-04,GEHC,68.88999938964844,69.76499938964844,68.7699966430664,69.37000274658203,69.08124542236328,1478700
2023-12-05,GEHC,68.91000366210938,69.05000305175781,67.72000122070312,67.93000030517578,67.64724731445312,1896200
2023-12-06,GEHC,68.38999938964844,68.68000030517578,67.86499786376953,68.05000305175781,67.76673126220703,1579700
2023-12-07,GEHC,68.0999984741211,68.29000091552734,67.0,67.38999938964844,67.10948944091797,2089200
2023-12-08,GEHC,67.18000030517578,68.62999725341797,67.05000305175781,68.5199966430664,68.23477172851562,1893700
2023-12-11,GEHC,69.16000366210938,71.30999755859375,69.08999633789062,71.12999725341797,70.83390045166016,3051300
2023-12-12,GEHC,71.30000305175781,72.3949966430664,71.23999786376953,72.05000305175781,71.7500991821289,2407200
2023-12-13,GEHC,72.61000061035156,74.2699966430664,72.5199966430664,74.18000030517578,73.87122344970703,2628600
2023-12-14,GEHC,74.33999633789062,76.30000305175781,74.33999633789062,75.91999816894531,75.6039810180664,4271300
2023-12-15,GEHC,76.37999725341797,76.58999633789062,74.48500061035156,75.01000213623047,74.69776153564453,5699300
2023-12-18,GEHC,75.0,75.51499938964844,74.55000305175781,75.05999755859375,74.74755096435547,1945800
2023-12-19,GEHC,75.13999938964844,75.83999633789062,75.0,75.69000244140625,75.37493896484375,2441800
2023-12-20,GEHC,75.36000061035156,76.58999633789062,74.87999725341797,75.44000244140625,75.1259765625,2162200
2023-12-21,GEHC,76.08000183105469,77.61000061035156,76.08000183105469,77.19000244140625,76.86869049072266,2992100
2023-12-22,GEHC,77.30000305175781,77.70999908447266,76.98999786376953,77.58000183105469,77.25707244873047,2197800
2023-12-26,GEHC,77.69999694824219,78.32499694824219,77.58000183105469,78.13999938964844,77.81475067138672,1413900
2023-12-27,GEHC,78.08000183105469,78.29000091552734,77.37999725341797,77.66999816894531,77.3467025756836,1365000
2023-12-28,GEHC,77.83000183105469,77.96499633789062,77.25,77.54000091552734,77.21723937988281,1569500
2023-12-29,GEHC,77.16000366210938,77.63999938964844,76.86000061035156,77.31999969482422,76.99816131591797,1786900
2024-01-02,GEHC,76.58000183105469,77.41000366210938,75.70500183105469,76.37000274658203,76.0521011352539,2003100
2024-01-03,GEHC,76.23999786376953,76.68000030517578,75.43499755859375,76.11000061035156,75.79318237304688,2692400
2024-01-04,GEHC,76.0,76.94999694824219,75.8499984741211,76.56999969482422,76.25126647949219,2395900
2024-01-05,GEHC,76.0,77.44999694824219,75.58999633789062,76.62000274658203,76.30106353759766,2377700
2024-01-08,GEHC,77.0,77.44999694824219,76.30999755859375,77.36000061035156,77.03797149658203,1880600
2024-01-09,GEHC,77.01000213623047,77.66000366210938,74.4000015258789,76.66000366210938,76.34090423583984,3507200
2024-01-10,GEHC,76.33999633789062,76.61000061035156,74.87999725341797,76.16999816894531,75.85294342041016,3020600
2024-01-11,GEHC,76.19999694824219,76.32499694824219,74.77999877929688,76.25,75.93260192871094,2305500
2024-01-12,GEHC,76.27999877929688,76.47000122070312,75.4000015258789,76.16999816894531,75.88279724121094,1888300
2024-01-16,GEHC,75.9000015258789,75.9000015258789,74.54000091552734,74.97000122070312,74.68730926513672,2831600
2024-01-17,GEHC,74.23999786376953,74.23999786376953,72.0199966430664,72.75,72.4756851196289,3766900
2024-01-18,GEHC,72.75,73.76000213623047,72.41999816894531,73.5199966430664,73.24278259277344,2421500
2024-01-19,GEHC,73.44499969482422,74.12000274658203,73.19999694824219,74.11000061035156,73.83056640625,3704600
2024-01-22,GEHC,74.27999877929688,75.44999694824219,74.16999816894531,74.63999938964844,74.35856628417969,2414900
2024-01-23,GEHC,74.62999725341797,74.7300033569336,72.68499755859375,73.66999816894531,73.3922119140625,2850400
2024-01-24,GEHC,73.63999938964844,73.69999694824219,71.30999755859375,71.55000305175781,71.28022003173828,3594400
2024-01-25,GEHC,72.33000183105469,73.0999984741211,71.41999816894531,72.87000274658203,72.59523010253906,2126500
2024-01-26,GEHC,73.0,73.29000091552734,72.47000122070312,73.1500015258789,72.87418365478516,2334500
2024-01-29,GEHC,72.91000366210938,74.41999816894531,72.5,74.37999725341797,74.09954833984375,2160100
2024-01-30,GEHC,73.7300033569336,74.5199966430664,73.12000274658203,74.0,73.7209701538086,1673900
2024-01-31,GEHC,73.93000030517578,74.47000122070312,72.94999694824219,73.36000061035156,73.08338928222656,3129600
2024-02-01,GEHC,73.36000061035156,75.12999725341797,72.98999786376953,74.3499984741211,74.06966400146484,2593600
2024-02-02,GEHC,74.02999877929688,74.36000061035156,72.5199966430664,73.91000366210938,73.63130950927734,2446600
2024-02-05,GEHC,73.22000122070312,73.56999969482422,72.61000061035156,73.41000366210938,73.1332015991211,3365700
2024-02-06,GEHC,76.75,83.11000061035156,76.55999755859375,81.95999908447266,81.65095520019531,12511200
2024-02-07,GEHC,82.04000091552734,82.50800323486328,80.16999816894531,81.83000183105469,81.5214614868164,4278100
2024-02-08,GEHC,81.52999877929688,82.13999938964844,80.43599700927734,82.05999755859375,81.75057983398438,2483800
2024-02-09,GEHC,82.29000091552734,82.75,80.61000061035156,81.33999633789062,81.03328704833984,2755000
2024-02-12,GEHC,81.62000274658203,83.30999755859375,81.38999938964844,83.16999816894531,82.85639190673828,2304300
2024-02-13,GEHC,82.3499984741211,82.71700286865234,81.16000366210938,82.30999755859375,81.99964141845703,2529800
2024-02-14,GEHC,82.5999984741211,83.44000244140625,82.33999633789062,83.16999816894531,82.85639190673828,2214800
2024-02-15,GEHC,83.94000244140625,85.73999786376953,83.92500305175781,85.62999725341797,85.3071060180664,2346100
2024-02-16,GEHC,83.51000213623047,87.29000091552734,83.48999786376953,86.0199966430664,85.69564819335938,13131800
2024-02-20,GEHC,85.93000030517578,86.80999755859375,85.58000183105469,86.38999938964844,86.06424713134766,6372600
2024-02-21,GEHC,83.0,85.20999908447266,82.05999755859375,84.9800033569336,84.65958404541016,5838000
2024-02-22,GEHC,85.44999694824219,88.0999984741211,85.00499725341797,87.63999938964844,87.30953979492188,4154900
2024-02-23,GEHC,87.4000015258789,89.7300033569336,87.23500061035156,89.06999969482422,88.73414611816406,3815600
2024-02-26,GEHC,88.94000244140625,90.70999908447266,88.79000091552734,90.62000274658203,90.27831268310547,3805100
2024-02-27,GEHC,90.01000213623047,92.58000183105469,89.48899841308594,92.5199966430664,92.171142578125,3993400
2024-02-28,GEHC,92.25,93.95899963378906,92.0,93.0199966430664,92.66925811767578,3431900
2024-02-29,GEHC,93.30999755859375,93.33999633789062,88.87000274658203,91.27999877929688,90.93580627441406,6144000
2024-03-01,GEHC,91.05000305175781,93.05999755859375,90.57499694824219,92.72000122070312,92.37039947509766,2696200
2024-03-04,GEHC,92.94000244140625,93.5,92.42500305175781,92.7300033569336,92.38035583496094,2615200
2024-03-05,GEHC,92.72000122070312,93.5,91.5199966430664,91.80999755859375,91.46382141113281,2804900
2024-03-06,GEHC,91.55999755859375,94.08000183105469,91.44999694824219,93.0999984741211,92.74896240234375,2521200
2024-03-07,GEHC,93.19999694824219,93.55000305175781,91.98999786376953,92.66000366210938,92.31062316894531,3014400
2024-03-08,GEHC,92.80000305175781,94.5,92.48999786376953,93.87000274658203,93.51605224609375,2853900
2024-03-11,GEHC,93.80999755859375,94.05999755859375,92.12999725341797,93.0,92.64933013916016,2123200
2024-03-12,GEHC,92.19000244140625,92.5,91.69999694824219,91.81999969482422,91.47378540039062,3042200
2024-03-13,GEHC,87.55999755859375,89.36499786376953,86.55000305175781,88.4800033569336,88.1463851928711,14434500
2024-03-14,GEHC,88.0999984741211,89.04000091552734,87.76000213623047,88.33000183105469,87.99693298339844,4859000
2024-03-15,GEHC,88.25,89.7300033569336,87.93000030517578,89.41000366210938,89.0728759765625,7314600
2024-03-18,GEHC,89.9000015258789,90.95999908447266,89.49400329589844,90.61000061035156,90.26834106445312,2843900
2024-03-19,GEHC,90.5999984741211,91.0,90.36000061035156,90.77999877929688,90.43769836425781,2996500
2024-03-20,GEHC,90.4800033569336,91.11000061035156,90.1500015258789,90.88999938964844,90.54727935791016,2016900
2024-03-21,GEHC,91.25,92.18000030517578,91.12000274658203,91.19999694824219,90.85612487792969,2754900
2024-03-22,GEHC,91.45999908447266,91.9000015258789,89.37000274658203,89.7300033569336,89.39167022705078,6178000
2024-03-25,GEHC,89.80999755859375,90.0999984741211,88.25,88.27999877929688,87.94712829589844,2436000
2024-03-26,GEHC,88.4800033569336,89.34300231933594,87.69999694824219,89.06999969482422,88.73414611816406,2845200
2024-03-27,GEHC,89.95999908447266,90.69000244140625,89.71499633789062,90.30999755859375,89.969482421875,2629100
2024-03-28,GEHC,90.19999694824219,91.1500015258789,89.6500015258789,90.91000366210938,90.56721496582031,2108000
2024-04-01,GEHC,91.30999755859375,91.45999908447266,89.19000244140625,89.52999877929688,89.19241333007812,1958200
2024-04-02,GEHC,88.8499984741211,89.23999786376953,87.86000061035156,88.11000061035156,87.77777099609375,3010700
2024-04-03,GEHC,88.25,90.05000305175781,88.11000061035156,89.02999877929688,88.69430541992188,4403900
2024-04-04,GEHC,90.1500015258789,90.83999633789062,87.87000274658203,87.95999908447266,87.62832641601562,2728200
2024-04-05,GEHC,87.95999908447266,89.5,87.8499984741211,88.47000122070312,88.13642120361328,1592500
2024-04-08,GEHC,88.7300033569336,88.84500122070312,87.62000274658203,87.70999908447266,87.3792724609375,1692400
2024-04-09,GEHC,88.12999725341797,88.23999786376953,86.44999694824219,86.94000244140625,86.6121826171875,4172700
2024-04-10,GEHC,85.37999725341797,86.69999694824219,85.23999786376953,85.38999938964844,85.06803131103516,2926100
2024-04-11,GEHC,86.4800033569336,88.91999816894531,85.61000061035156,88.20999908447266,87.87739562988281,3071000
2024-04-12,GEHC,87.06999969482422,87.52999877929688,86.05500030517578,86.27999877929688,85.95468139648438,2227900
2024-04-15,GEHC,87.5999984741211,87.91000366210938,85.5199966430664,86.12999725341797,85.80522155761719,1983600
2024-04-16,GEHC,85.83000183105469,86.44000244140625,85.3499984741211,85.87999725341797,85.5561752319336,1868200
2024-04-17,GEHC,86.06999969482422,86.25,85.16000366210938,85.19000244140625,84.86878204345703,1711600
2024-04-18,GEHC,85.33999633789062,86.125,84.62000274658203,84.97000122070312,84.6794204711914,1815300
2024-04-19,GEHC,85.0,85.61000061035156,84.0999984741211,84.48999786376953,84.2010726928711,2022700
2024-04-22,GEHC,84.80999755859375,85.08000183105469,84.18000030517578,84.30999755859375,84.02169036865234,2113700
2024-04-23,GEHC,84.98999786376953,86.6500015258789,84.79000091552734,86.23999786376953,85.94509887695312,1951300
2024-04-24,GEHC,86.11000061035156,87.27999877929688,85.80000305175781,86.72000122070312,86.42344665527344,2020300
2024-04-25,GEHC,86.0,86.67500305175781,84.73999786376953,85.94999694824219,85.65608215332031,1362900
2024-04-26,GEHC,85.36000061035156,86.9000015258789,85.16000366210938,86.23999786376953,85.94509887695312,1790600
2024-04-29,GEHC,86.30000305175781,89.18000030517578,86.30000305175781,88.94000244140625,88.63587188720703,4353000
2024-04-30,GEHC,81.04000091552734,82.30000305175781,76.08000183105469,76.23999786376953,75.97929382324219,14433600
2024-05-01,GEHC,76.5199966430664,79.12999725341797,76.5,78.26000213623047,77.99237823486328,5303300
2024-05-02,GEHC,79.19000244140625,79.37000274658203,77.19000244140625,77.83000183105469,77.5638427734375,2995700
2024-05-03,GEHC,78.5,80.05999755859375,78.5,79.47000122070312,79.19823455810547,2722700
2024-05-06,GEHC,79.5999984741211,80.0,78.6500015258789,79.80000305175781,79.5271224975586,2389700
2024-05-07,GEHC,80.0,81.68000030517578,79.66999816894531,81.43000030517578,81.15152740478516,3225500
2024-05-08,GEHC,81.01000213623047,81.57499694824219,80.25,81.11000061035156,80.83262634277344,2748400
2024-05-09,GEHC,81.5,82.76000213623047,81.16000366210938,82.7300033569336,82.44709014892578,1952700
2024-05-10,GEHC,83.16999816894531,83.47899627685547,82.70999908447266,83.4000015258789,83.11480712890625,1856300
2024-05-13,GEHC,83.88999938964844,84.0,80.58000183105469,81.02999877929688,80.75292205810547,1885300
2024-05-14,GEHC,81.0,81.69000244140625,80.30000305175781,80.5199966430664,80.24463653564453,2500700
2024-05-15,GEHC,81.19000244140625,82.23999786376953,80.13999938964844,81.91000366210938,81.62989044189453,1956200
2024-05-16,GEHC,81.5,81.96499633789062,80.9000015258789,81.30999755859375,81.03194427490234,1627100
2024-05-17,GEHC,81.0,81.87999725341797,80.41999816894531,81.86000061035156,81.58006286621094,1321000
2024-05-20,GEHC,81.97000122070312,82.66999816894531,81.47000122070312,81.75,81.47045135498047,1248500
2024-05-21,GEHC,81.75,82.0,81.0999984741211,81.94000244140625,81.65979766845703,1150200
2024-05-22,GEHC,81.56999969482422,81.88999938964844,80.37000274658203,80.62000274658203,80.34431457519531,1633600
2024-05-23,GEHC,80.9800033569336,80.9800033569336,79.2300033569336,79.33000183105469,79.0587158203125,2034900
2024-05-24,GEHC,79.83999633789062,80.26000213623047,78.91000366210938,79.8499984741211,79.57694244384766,1433900
2024-05-28,GEHC,79.37000274658203,79.72000122070312,78.5,78.75,78.48069763183594,1854800
2024-05-29,GEHC,78.06999969482422,78.91999816894531,77.91000366210938,78.44999694824219,78.18173217773438,2397000
2024-05-30,GEHC,78.0,78.93000030517578,76.94000244140625,78.56999969482422,78.30132293701172,2750100
2024-05-31,GEHC,78.7300033569336,78.7300033569336,76.91000366210938,78.0,77.7332763671875,7002100
2024-06-03,GEHC,78.05999755859375,78.80000305175781,76.25,77.1500015258789,76.88618469238281,3059500
2024-06-04,GEHC,77.05000305175781,77.81999969482422,76.25,77.5199966430664,77.2549057006836,1967200
2024-06-05,GEHC,77.45999908447266,77.77999877929688,76.62000274658203,76.95999908447266,76.69682312011719,2637500
2024-06-06,GEHC,76.6500015258789,77.1500015258789,75.76000213623047,77.0,76.7366943359375,2474900
2024-06-07,GEHC,76.72000122070312,77.02999877929688,75.91000366210938,76.33999633789062,76.07893371582031,2357000
2024-06-10,GEHC,75.97000122070312,76.01000213623047,75.22000122070312,75.77999877929688,75.5208511352539,2115500
2024-06-11,GEHC,75.55000305175781,75.55000305175781,74.51000213623047,74.73999786376953,74.48440551757812,2655600
2024-06-12,GEHC,75.19999694824219,76.2300033569336,75.01000213623047,75.97000122070312,75.71021270751953,3081600
2024-06-13,GEHC,75.16999816894531,77.33000183105469,75.13999938964844,76.98999786376953,76.72672271728516,2530200
2024-06-14,GEHC,76.19999694824219,76.61000061035156,75.11000061035156,76.48999786376953,76.22843933105469,2576800
2024-06-17,GEHC,76.26000213623047,77.86000061035156,75.95999908447266,77.55000305175781,77.2848129272461,2190500
2024-06-18,GEHC,77.30999755859375,78.72000122070312,77.16999816894531,78.2699966430664,78.0023422241211,2032500
2024-06-20,GEHC,78.0,80.0999984741211,77.8499984741211,79.44000244140625,79.16835021972656,3408100
2024-06-21,GEHC,79.83000183105469,80.0999984741211,78.48999786376953,79.16999816894531,78.8992691040039,5115500
2024-06-24,GEHC,79.33000183105469,79.63999938964844,78.66000366210938,78.8499984741211,78.58035278320312,2270100
2024-06-25,GEHC,78.9800033569336,79.27999877929688,78.37000274658203,78.80999755859375,78.54049682617188,1798500
2024-06-26,GEHC,78.86000061035156,79.29000091552734,77.96499633789062,78.0,77.7332763671875,2426200
2024-06-27,GEHC,78.01000213623047,79.0999984741211,77.88999938964844,78.81999969482422,78.55046844482422,2192600
2024-06-28,GEHC,79.20999908447266,79.64800262451172,77.2300033569336,77.91999816894531,77.6535415649414,9422500
2024-07-01,GEHC,78.3499984741211,78.3499984741211,76.22000122070312,76.26000213623047,75.99921417236328,3081400
2024-07-02,GEHC,76.26000213623047,76.70999908447266,75.68000030517578,76.33000183105469,76.0689926147461,2171300
2024-07-03,GEHC,76.37000274658203,77.3499984741211,76.30999755859375,77.23999786376953,76.97586059570312,1346700
2024-07-05,GEHC,77.19999694824219,77.25,76.55000305175781,77.05999755859375,76.79647064208984,1689500
2024-07-08,GEHC,77.0,77.63999938964844,76.30999755859375,76.3499984741211,76.08891296386719,1662000
2024-07-09,GEHC,76.3499984741211,77.0,75.73999786376953,76.87000274658203,76.60713958740234,2152500
2024-07-10,GEHC,76.93000030517578,79.22000122070312,76.93000030517578,79.13999938964844,78.86936950683594,2475300
2024-07-11,GEHC,79.19000244140625,80.72000122070312,79.19000244140625,79.94000244140625,79.66664123535156,2540600
2024-07-12,GEHC,80.29000091552734,81.32499694824219,79.94000244140625,80.27999877929688,80.0054702758789,2579000
2024-07-15,GEHC,80.25,80.62999725341797,79.8499984741211,80.19000244140625,79.91577911376953,2483200
2024-07-16,GEHC,80.44999694824219,82.95999908447266,80.19000244140625,82.63999938964844,82.35739135742188,3524300
2024-07-17,GEHC,82.58999633789062,83.62000274658203,81.95999908447266,82.47000122070312,82.18797302246094,2567800
2024-07-18,GEHC,81.94999694824219,83.50499725341797,80.88999938964844,80.9800033569336,80.70308685302734,3233900
2024-07-19,GEHC,81.2300033569336,81.38500213623047,79.91000366210938,80.44000244140625,80.19463348388672,2428200
2024-07-22,GEHC,81.08000183105469,81.37999725341797,80.0999984741211,81.2300033569336,80.98222351074219,2439400
2024-07-23,GEHC,80.87999725341797,81.20999908447266,80.5,80.81999969482422,80.5734634399414,1529000
2024-07-24,GEHC,81.0,81.48999786376953,79.62999725341797,79.69000244140625,79.44691467285156,2517000
2024-07-25,GEHC,80.41000366210938,81.05999755859375,79.7300033569336,79.91999816894531,79.67620849609375,2512400
2024-07-26,GEHC,80.73999786376953,81.68800354003906,80.0,80.5,80.25444030761719,2532900
2024-07-29,GEHC,80.68000030517578,82.45899963378906,80.5199966430664,82.05000305175781,81.79972076416016,2790400
2024-07-30,GEHC,82.54000091552734,84.08000183105469,81.0,82.6500015258789,82.39788055419922,5269100
2024-07-31,GEHC,80.0999984741211,88.25,80.0,84.62999725341797,84.3718490600586,8043400
2024-08-01,GEHC,84.0999984741211,85.0,82.22000122070312,83.4000015258789,83.1456069946289,3561600
2024-08-02,GEHC,82.80000305175781,83.52999877929688,80.79499816894531,83.44000244140625,83.18547821044922,2986200
2024-08-05,GEHC,81.97000122070312,82.37000274658203,79.73999786376953,81.5199966430664,81.27133178710938,3589100
2024-08-06,GEHC,82.11000061035156,82.93000030517578,81.16999816894531,81.55000305175781,81.30123901367188,2686700
2024-08-07,GEHC,82.2300033569336,82.66000366210938,78.77999877929688,79.33999633789062,79.09797668457031,2401200
2024-08-08,GEHC,79.91999816894531,82.4000015258789,79.68000030517578,82.31999969482422,82.06889343261719,1632600
2024-08-09,GEHC,82.31999969482422,83.47000122070312,81.31500244140625,83.4000015258789,83.1456069946289,1584300
2024-08-12,GEHC,83.19999694824219,83.19999694824219,81.70999908447266,82.37000274658203,82.11873626708984,1564400
2024-08-13,GEHC,83.19000244140625,84.48999786376953,82.5199966430664,84.16999816894531,83.91325378417969,1766200
2024-08-14,GEHC,84.19000244140625,84.2300033569336,82.75,83.47000122070312,83.21538543701172,1904600
2024-08-15,GEHC,83.97000122070312,85.94000244140625,83.97000122070312,85.30000305175781,85.03981018066406,2319400
2024-08-16,GEHC,84.93000030517578,85.1500015258789,84.16000366210938,84.80000305175781,84.54132843017578,1341700
2024-08-19,GEHC,84.69999694824219,85.61000061035156,84.1500015258789,85.58999633789062,85.32892608642578,1439000
2024-08-20,GEHC,85.16000366210938,85.69999694824219,83.83999633789062,83.94000244140625,83.68395233154297,1464200
2024-08-21,GEHC,84.63999938964844,84.63999938964844,83.54000091552734,84.4800033569336,84.22230529785156,984300
2024-08-22,GEHC,84.77999877929688,84.77999877929688,83.94999694824219,84.37000274658203,84.1126480102539,944800
2024-08-23,GEHC,85.0,85.56999969482422,83.94999694824219,84.77999877929688,84.52139282226562,1511800
2024-08-26,GEHC,84.63999938964844,85.41999816894531,84.16999816894531,84.48999786376953,84.23228454589844,1475100
2024-08-27,GEHC,84.52999877929688,84.69999694824219,84.02999877929688,84.41000366210938,84.15251922607422,1208100
2024-08-28,GEHC,84.41999816894531,84.41999816894531,83.33000183105469,83.93000030517578,83.67398834228516,1131300
2024-08-29,GEHC,84.25,85.0,83.68000030517578,84.08000183105469,83.82353210449219,1264700
2024-08-30,GEHC,84.44999694824219,84.87999725341797,83.58999633789062,84.81999969482422,84.561279296875,1838600
2024-09-03,GEHC,84.55999755859375,85.56700134277344,84.33000183105469,84.80000305175781,84.54132843017578,1963900
2024-09-04,GEHC,84.20999908447266,87.72000122070312,84.20999908447266,87.55000305175781,87.28294372558594,2008000
2024-09-05,GEHC,87.4000015258789,88.5,86.68000030517578,87.29000091552734,87.02374267578125,2321000
2024-09-06,GEHC,87.2300033569336,87.75,85.01000213623047,85.08999633789062,84.8304443359375,2696500
2024-09-09,GEHC,85.36000061035156,86.45999908447266,84.72000122070312,85.12000274658203,84.86035919189453,1659600
2024-09-10,GEHC,85.20999908447266,85.7300033569336,84.83999633789062,85.55000305175781,85.28905487060547,1558900
2024-09-11,GEHC,85.26000213623047,87.41000366210938,83.13999938964844,87.19000244140625,86.9240493774414,2630300
2024-09-12,GEHC,87.0199966430664,87.47000122070312,86.04000091552734,87.45999908447266,87.19322204589844,1393200
2024-09-13,GEHC,86.61000061035156,87.1500015258789,85.70999908447266,86.91000366210938,86.6448974609375,10515100
2024-09-16,GEHC,87.1500015258789,87.25,85.8550033569336,86.63999938964844,86.3757095336914,4680200
2024-09-17,GEHC,86.63999938964844,88.19000244140625,86.3499984741211,86.79000091552734,86.52525329589844,3144200
2024-09-18,GEHC,87.41999816894531,89.69000244140625,86.99500274658203,88.52999877929688,88.25994873046875,3508400
2024-09-19,GEHC,89.66999816894531,90.79000091552734,88.7699966430664,90.62000274658203,90.34357452392578,3128100
2024-09-20,GEHC,90.3499984741211,91.12999725341797,89.59500122070312,90.27999877929688,90.0046157836914,9492300
2024-09-23,GEHC,90.5,91.61399841308594,90.33000183105469,90.87999725341797,90.60279083251953,2908800
2024-09-24,GEHC,91.0,92.33999633789062,89.80000305175781,92.20999908447266,91.92872619628906,3537800
2024-09-25,GEHC,92.79000091552734,93.52999877929688,92.1500015258789,93.01000213623047,92.72630310058594,4044700
2024-09-26,GEHC,91.0199966430664,92.72000122070312,89.37999725341797,92.48999786376953,92.20787811279297,5273200
2024-09-27,GEHC,92.68000030517578,94.55000305175781,91.88999938964844,91.98999786376953,91.70940399169922,12623800
2024-09-30,GEHC,92.51000213623047,94.31999969482422,92.38999938964844,93.8499984741211,93.56372833251953,3977300
2024-10-01,GEHC,93.81999969482422,93.81999969482422,91.1500015258789,91.66999816894531,91.390380859375,2615400
2024-10-02,GEHC,91.62999725341797,92.4800033569336,90.97000122070312,91.04000091552734,90.76229858398438,1763400
2024-10-03,GEHC,90.51000213623047,90.83999633789062,89.5199966430664,89.87999725341797,89.6058349609375,2592900
2024-10-04,GEHC,90.63999938964844,91.47000122070312,89.91999816894531,91.41999816894531,91.1411361694336,1988600
2024-10-07,GEHC,91.0,91.30000305175781,89.71499633789062,90.05999755859375,89.78529357910156,2623400
2024-10-08,GEHC,90.23999786376953,91.01699829101562,89.86000061035156,90.69000244140625,90.41336059570312,2075400
2024-10-09,GEHC,90.80000305175781,91.0199966430664,89.99500274658203,90.7699966430664,90.49311065673828,2122900
2024-10-10,GEHC,90.30000305175781,90.86000061035156,89.79499816894531,90.25,89.9747085571289,2269300
2024-10-11,GEHC,90.68000030517578,91.61000061035156,90.38999938964844,91.02999877929688,90.7523193359375,1372100
2024-10-14,GEHC,91.05000305175781,91.80000305175781,90.56999969482422,91.62000274658203,91.34053802490234,1342800
2024-10-15,GEHC,91.88999938964844,91.95500183105469,90.61000061035156,90.70999908447266,90.43330383300781,2474300
2024-10-16,GEHC,91.04000091552734,91.12000274658203,89.96499633789062,90.22000122070312,89.94479370117188,1823100
2024-10-17,GEHC,90.73999786376953,90.91999816894531,90.26000213623047,90.81999969482422,90.54296112060547,1711100
2024-10-18,GEHC,90.05999755859375,91.58000183105469,89.98500061035156,91.33999633789062,91.09147644042969,1609500
2024-10-21,GEHC,90.88999938964844,91.44999694824219,89.5199966430664,89.80000305175781,89.5556640625,1675400
2024-10-22,GEHC,89.26000213623047,89.55999755859375,87.69499969482422,89.30999755859375,89.0669937133789,2210200
2024-10-23,GEHC,88.6500015258789,90.36000061035156,88.11000061035156,89.29000091552734,89.04705047607422,2116600
2024-10-24,GEHC,89.55999755859375,89.9800033569336,88.5999984741211,88.9000015258789,88.6581039428711,1291700
2024-10-25,GEHC,89.26000213623047,89.6500015258789,88.30000305175781,88.41999816894531,88.1794204711914,2035500
2024-10-28,GEHC,86.66000366210938,86.96499633789062,84.9000015258789,85.93000030517578,85.69619750976562,4223700
2024-10-29,GEHC,85.66000366210938,86.69999694824219,85.01000213623047,85.2699966430664,85.0379867553711,3762300
2024-10-30,GEHC,89.7300033569336,90.16000366210938,85.80000305175781,87.19999694824219,86.96273803710938,4700400
2024-10-31,GEHC,86.12000274658203,88.1449966430664,86.0,87.3499984741211,87.11233520507812,3259500
2024-11-01,GEHC,87.20999908447266,88.44000244140625,86.72000122070312,86.94999694824219,86.71341705322266,3383300
2024-11-04,GEHC,87.5999984741211,87.91999816894531,86.55000305175781,86.98999786376953,86.75331115722656,1431700
2024-11-05,GEHC,86.80999755859375,88.19000244140625,86.80999755859375,88.16999816894531,87.93010711669922,1656200
2024-11-06,GEHC,89.91999816894531,90.0,85.07499694824219,86.77999877929688,86.54388427734375,4163100
2024-11-07,GEHC,87.11000061035156,88.87999725341797,86.93599700927734,88.33000183105469,88.08966064453125,2497300
2024-11-08,GEHC,88.80000305175781,89.11000061035156,85.83999633789062,85.94000244140625,85.70616912841797,10190500
2024-11-11,GEHC,87.0,87.1500015258789,84.47000122070312,85.38999938964844,85.15766906738281,4367000
2024-11-12,GEHC,85.41999816894531,85.91000366210938,84.72000122070312,84.91999816894531,84.6889419555664,3918900
2024-11-13,GEHC,85.12000274658203,85.40499877929688,83.25499725341797,84.18000030517578,83.95095825195312,3014800
2024-11-14,GEHC,83.6500015258789,84.69000244140625,82.69999694824219,82.91999816894531,82.69437408447266,3061100
2024-11-15,GEHC,82.80999755859375,82.81999969482422,81.5199966430664,81.76000213623047,81.53754425048828,3768400
2024-11-18,GEHC,81.9000015258789,83.48500061035156,81.88500213623047,82.72000122070312,82.49492645263672,2918000
2024-11-19,GEHC,82.0,83.2300033569336,81.70999908447266,82.5199966430664,82.29547882080078,2513600
2024-11-20,GEHC,82.5,85.29000091552734,82.41000366210938,84.9000015258789,84.66899108886719,6103400
2024-11-21,GEHC,84.5999984741211,85.26000213623047,81.83999633789062,82.0,81.77688598632812,4930600
2024-11-22,GEHC,81.95999908447266,82.58000183105469,80.55999755859375,82.44000244140625,82.21569061279297,5934900
2024-11-25,GEHC,83.36000061035156,83.5,81.9000015258789,82.66000366210938,82.43508911132812,5272900
2024-11-26,GEHC,82.77999877929688,83.43000030517578,82.38999938964844,82.51000213623047,82.28549194335938,2040900
2024-11-27,GEHC,82.8499984741211,83.90499877929688,82.71800231933594,83.0,82.774169921875,1808000
2024-11-29,GEHC,83.25,83.51000213623047,82.88999938964844,83.22000122070312,82.99356079101562,1277700
2024-12-02,GEHC,82.88999938964844,83.25,82.38999938964844,83.08000183105469,82.85395050048828,2247000
2024-12-03,GEHC,82.4800033569336,83.05999755859375,82.03399658203125,82.56999969482422,82.34532928466797,2026700
2024-12-04,GEHC,82.62000274658203,83.20999908447266,82.5,83.01000213623047,82.78412628173828,1932700
2024-12-05,GEHC,82.76000213623047,83.33000183105469,81.36000061035156,81.56500244140625,81.34307098388672,2269200
2024-12-06,GEHC,81.37000274658203,81.97000122070312,80.47000122070312,81.23999786376953,81.0189437866211,3177200
2024-12-09,GEHC,81.36000061035156,82.12000274658203,81.05999755859375,81.9000015258789,81.67715454101562,2372600
2024-12-10,GEHC,82.41999816894531,83.0,81.6449966430664,82.36000061035156,82.13591003417969,3124600
2024-12-11,GEHC,82.05000305175781,83.33000183105469,81.77999877929688,82.75,82.52484130859375,3890100
2024-12-12,GEHC,82.33000183105469,82.62000274658203,80.83999633789062,81.62999725341797,81.40788269042969,2370000
2024-12-13,GEHC,81.4000015258789,81.48999786376953,80.62000274658203,81.0999984741211,80.87933349609375,2836000
2024-12-16,GEHC,80.76000213623047,81.77999877929688,80.08999633789062,80.29000091552734,80.071533203125,2908800
2024-12-17,GEHC,80.33999633789062,80.83000183105469,79.20999908447266,79.25,79.03435516357422,3557100
2024-12-18,GEHC,79.37000274658203,80.37000274658203,76.9800033569336,77.08999633789062,76.8802490234375,3264100
2024-12-19,GEHC,77.30999755859375,78.18000030517578,76.94999694824219,77.43000030517578,77.21932220458984,3384400
2024-12-20,GEHC,77.56999969482422,79.02999877929688,76.89099884033203,78.91000366210938,78.69529724121094,11179900
2024-12-23,GEHC,78.77999877929688,79.3499984741211,77.52999877929688,79.27999877929688,79.06428527832031,2495700
2024-12-24,GEHC,79.54000091552734,79.79000091552734,78.73500061035156,79.36000061035156,79.14407348632812,1035700
2024-12-26,GEHC,79.0999984741211,80.18000030517578,78.9749984741211,79.70999908447266,79.49311828613281,1622000
2024-12-27,GEHC,79.31999969482422,79.87000274658203,78.88999938964844,79.51000213623047,79.29365539550781,1533000
2024-12-30,GEHC,79.12000274658203,79.16000366210938,77.5999984741211,78.5999984741211,78.3861312866211,1850600
2024-12-31,GEHC,79.0,79.2699966430664,77.97000122070312,78.18000030517578,77.96726989746094,1877800
2025-01-02,GEHC,78.91999816894531,78.91999816894531,77.72000122070312,78.37999725341797,78.16673278808594,2658500
2025-01-03,GEHC,78.55000305175781,80.62000274658203,78.38999938964844,80.5199966430664,80.30091094970703,2712600
2025-01-06,GEHC,80.5199966430664,82.4000015258789,80.41999816894531,81.72000122070312,81.49765014648438,3746500
2025-01-07,GEHC,81.87999725341797,83.44000244140625,81.44999694824219,83.37000274658203,83.14315795898438,3382000
2025-01-08,GEHC,84.6500015258789,87.30000305175781,84.29000091552734,86.26000213623047,86.02529907226562,4432600
2025-01-10,GEHC,85.37999725341797,86.06999969482422,84.4000015258789,84.76000213623047,84.52938079833984,3792000
2025-01-13,GEHC,85.13999938964844,85.54499816894531,83.89700317382812,85.36000061035156,85.12774658203125,2903800
2025-01-14,GEHC,85.88999938964844,85.98999786376953,83.81999969482422,84.12999725341797,83.93550109863281,2821300
2025-01-15,GEHC,85.22000122070312,86.25,82.86000061035156,83.66000366210938,83.46659851074219,4148700
2025-01-16,GEHC,83.76000213623047,85.3499984741211,83.37899780273438,85.0,84.80349731445312,2115900
2025-01-17,GEHC,86.33999633789062,86.33999633789062,84.58000183105469,84.73999786376953,84.54409790039062,2855000
2025-01-21,GEHC,85.13999938964844,87.62000274658203,84.63999938964844,87.33999633789062,87.13807678222656,2861800
2025-01-22,GEHC,87.22000122070312,88.2699966430664,86.75299835205078,87.33000183105469,87.12810516357422,2381200
2025-01-23,GEHC,87.33000183105469,88.66999816894531,86.86000061035156,88.16000366210938,87.95618438720703,1696900
2025-01-24,GEHC,87.51000213623047,88.77999877929688,87.0199966430664,88.66999816894531,88.46501922607422,2008400
2025-01-27,GEHC,88.87999725341797,89.69000244140625,88.16999816894531,88.98999786376953,88.78427124023438,2376800
2025-01-28,GEHC,88.75,89.31999969482422,87.69999694824219,87.77999877929688,87.57706451416016,2406800
2025-01-29,GEHC,87.79000091552734,88.61000061035156,87.54000091552734,87.8499984741211,87.64691162109375,1336100
2025-01-30,GEHC,88.55000305175781,89.75,88.41000366210938,89.55000305175781,89.34297943115234,1618700
2025-01-31,GEHC,89.12999725341797,89.80000305175781,88.22000122070312,88.30000305175781,88.09587097167969,1775500
2025-02-03,GEHC,87.41000366210938,88.48999786376953,86.36000061035156,87.51000213623047,87.30770111083984,2142300
2025-02-04,GEHC,87.69000244140625,88.02999877929688,86.76000213623047,86.93000030517578,86.72903442382812,2488900
2025-02-05,GEHC,87.01000213623047,87.79000091552734,86.30000305175781,87.16999816894531,86.96846771240234,2346900
2025-02-06,GEHC,87.51000213623047,90.73999786376953,87.36499786376953,88.55000305175781,88.34529113769531,3252700
2025-02-07,GEHC,88.80000305175781,89.36000061035156,87.49800109863281,87.63999938964844,87.43738555908203,1671400
2025-02-10,GEHC,88.0,88.27999877929688,86.86499786376953,87.5,87.2977066040039,2036400
2025-02-11,GEHC,86.80999755859375,87.9800033569336,86.73500061035156,87.02999877929688,86.82880401611328,2392400
2025-02-12,GEHC,85.94000244140625,86.66999816894531,85.5,85.9000015258789,85.70140838623047,3656300
2025-02-13,GEHC,90.0,94.80000305175781,89.63999938964844,93.4800033569336,93.26390075683594,7832700
2025-02-14,GEHC,93.19999694824219,93.20999908447266,91.18000030517578,92.20999908447266,91.996826171875,3946400
2025-02-18,GEHC,92.25,93.26000213623047,92.125,92.66999816894531,92.45576477050781,3262700
2025-02-19,GEHC,92.27999877929688,93.1500015258789,91.5999984741211,92.5199966430664,92.30610656738281,3284000
2025-02-20,GEHC,92.33000183105469,93.13999938964844,91.54000091552734,92.08999633789062,91.87710571289062,2341200
2025-02-21,GEHC,91.54000091552734,91.73999786376953,90.43000030517578,91.08999633789062,90.87940216064453,2854700
2025-02-24,GEHC,90.63999938964844,91.69999694824219,90.37100219726562,90.56999969482422,90.3606185913086,2769000
2025-02-25,GEHC,91.08999633789062,91.38999938964844,90.01000213623047,90.80999755859375,90.60005187988281,2310900
2025-02-26,GEHC,90.37000274658203,91.6500015258789,90.15499877929688,90.70999908447266,90.50029754638672,1845500
2025-02-27,GEHC,90.11000061035156,92.197998046875,89.27999877929688,89.4000015258789,89.19332885742188,3926200
2025-02-28,GEHC,89.95999908447266,90.26000213623047,85.88999938964844,87.3499984741211,87.14806365966797,4214400
2025-03-03,GEHC,87.48999786376953,88.9800033569336,86.29000091552734,86.44999694824219,86.25013732910156,3556300
2025-03-04,GEHC,86.62000274658203,86.62000274658203,82.70999908447266,84.30999755859375,84.11508178710938,3998900
2025-03-05,GEHC,84.0,85.48799896240234,83.79000091552734,84.76000213623047,84.56405639648438,3111100
2025-03-06,GEHC,84.0,85.87000274658203,83.62000274658203,85.41000366210938,85.2125473022461,3946100
2025-03-07,GEHC,85.5,86.94000244140625,84.69999694824219,86.58000183105469,86.37984466552734,4076700
2025-03-10,GEHC,85.7750015258789,87.33999633789062,84.87000274658203,85.36000061035156,85.16266632080078,3552100
2025-03-11,GEHC,87.33999633789062,89.2300033569336,84.94000244140625,85.58999633789062,85.39213562011719,4276600
2025-03-12,GEHC,85.72000122070312,86.08999633789062,83.75499725341797,83.79000091552734,83.5962905883789,2819700
2025-03-13,GEHC,83.63999938964844,84.12000274658203,81.16000366210938,81.44999694824219,81.26170349121094,3605700
2025-03-14,GEHC,82.1500015258789,82.33000183105469,80.4010009765625,81.97000122070312,81.78050231933594,5207300
2025-03-17,GEHC,81.83999633789062,82.8949966430664,81.62000274658203,82.47000122070312,82.27935028076172,2526800
2025-03-18,GEHC,82.16000366210938,82.37999725341797,81.2300033569336,82.13999938964844,81.95011138916016,2899900
2025-03-19,GEHC,81.87999725341797,82.625,81.77999877929688,82.4000015258789,82.20950317382812,3124200
2025-03-20,GEHC,82.05000305175781,82.68000030517578,81.55000305175781,81.80999755859375,81.6208724975586,2731100
2025-03-21,GEHC,81.1500015258789,81.83000183105469,80.1500015258789,81.48999786376953,81.30160522460938,4304400
2025-03-24,GEHC,82.1500015258789,82.79000091552734,81.4800033569336,81.69999694824219,81.51112365722656,4453600
2025-03-25,GEHC,81.95999908447266,82.88999938964844,81.4800033569336,82.45999908447266,82.26936340332031,3730100
2025-03-26,GEHC,82.4000015258789,82.86000061035156,80.48500061035156,81.0,80.81275177001953,2859100
2025-03-27,GEHC,81.38999938964844,82.80000305175781,81.16999816894531,81.66000366210938,81.47122192382812,3074600
2025-03-28,GEHC,81.41999816894531,81.78800201416016,79.78500366210938,80.01000213623047,79.82502746582031,3189800
2025-03-31,GEHC,79.69999694824219,81.01000213623047,79.19999694824219,80.70999908447266,80.52340698242188,4151200
2025-04-01,GEHC,80.37000274658203,80.83999633789062,79.33000183105469,79.56999969482422,79.38603973388672,2996300
2025-04-02,GEHC,78.77999877929688,79.87999725341797,78.69999694824219,79.36000061035156,79.1765365600586,2806100
2025-04-03,GEHC,76.53500366210938,76.58999633789062,70.44999694824219,72.0,71.83354949951172,9331400
2025-04-04,GEHC,63.36000061035156,63.797000885009766,58.040000915527344,60.5099983215332,60.37010955810547,16890600
2025-04-07,GEHC,60.529998779296875,63.744998931884766,58.85499954223633,60.9900016784668,60.849002838134766,9299600
2025-04-08,GEHC,63.189998626708984,64.43000030517578,58.04999923706055,58.75,58.61418151855469,7418900
2025-04-09,GEHC,57.70000076293945,65.52999877929688,57.650001525878906,64.9800033569336,64.82978057861328,8488500
2025-04-10,GEHC,63.689998626708984,64.19999694824219,59.696998596191406,62.279998779296875,62.13601303100586,7636300
2025-04-11,GEHC,62.34000015258789,63.59700012207031,60.85900115966797,62.810001373291016,62.664794921875,7221500
2025-04-14,GEHC,63.91999816894531,64.78500366210938,63.2400016784668,64.38999938964844,64.24113464355469,4896000
2025-04-15,GEHC,64.5,64.80000305175781,62.65999984741211,63.099998474121094,62.95412063598633,5405800
2025-04-16,GEHC,63.099998474121094,63.69499969482422,60.70000076293945,61.47999954223633,61.33787155151367,6206900
2025-04-17,GEHC,61.9900016784668,62.84000015258789,61.70000076293945,62.369998931884766,62.225807189941406,4474000
2025-04-21,GEHC,61.72999954223633,61.80500030517578,59.95000076293945,60.47999954223633,60.340179443359375,5755100
2025-04-22,GEHC,61.59000015258789,62.34000015258789,60.75,61.650001525878906,61.507476806640625,4508800
2025-04-23,GEHC,64.5,67.08000183105469,64.2750015258789,64.88999938964844,64.73998260498047,6292800
2025-04-24,GEHC,65.04000091552734,67.38999938964844,64.7699966430664,67.08000183105469,66.9249267578125,6555800
2025-04-25,GEHC,69.0,70.81999969482422,67.93000030517578,68.41999816894531,68.29744720458984,5508600
2025-04-28,GEHC,68.33000183105469,68.80000305175781,67.27999877929688,68.06999969482422,67.94808959960938,3896300
2025-04-29,GEHC,67.87999725341797,68.54000091552734,67.11000061035156,68.08999633789062,67.96804809570312,5692100
2025-04-30,GEHC,72.5,72.5999984741211,69.83999633789062,70.33000183105469,70.20404052734375,12759300
2025-05-01,GEHC,70.31999969482422,70.91999816894531,67.62999725341797,67.66999816894531,67.54879760742188,8115300
2025-05-02,GEHC,69.9000015258789,71.20999908447266,69.37000274658203,70.52999877929688,70.40367889404297,7209400
2025-05-05,GEHC,69.93000030517578,70.58999633789062,69.19000244140625,69.37000274658203,69.24576568603516,5927300
2025-05-06,GEHC,68.4800033569336,68.9800033569336,67.06999969482422,67.08999633789062,66.96984100341797,5677400
2025-05-07,GEHC,67.4749984741211,69.30999755859375,66.94999694824219,68.81999969482422,68.69674682617188,5304500
2025-05-08,GEHC,69.48999786376953,71.4000015258789,69.11000061035156,70.5,70.37373352050781,6022300
2025-05-09,GEHC,70.75,71.80999755859375,69.79000091552734,69.87000274658203,69.74486541748047,5724400
2025-05-12,GEHC,76.94999694824219,77.75,73.51000213623047,74.11000061035156,73.97727966308594,8031200
2025-05-13,GEHC,74.3499984741211,75.69000244140625,73.66999816894531,73.83000183105469,73.69776153564453,4751000
2025-05-14,GEHC,73.51000213623047,73.94499969482422,72.72000122070312,72.83999633789062,72.70954132080078,3849400
2025-05-15,GEHC,72.27999877929688,73.05999755859375,71.55500030517578,72.91000366210938,72.7794189453125,3448000
2025-05-16,GEHC,72.91000366210938,73.2300033569336,72.04499816894531,73.12999725341797,72.9990234375,3309100
2025-05-19,GEHC,72.23999786376953,73.29000091552734,71.87999725341797,73.0999984741211,72.96907806396484,2418500
2025-05-20,GEHC,72.5999984741211,73.0,71.79000091552734,71.8499984741211,71.7213134765625,3268200
2025-05-21,GEHC,71.41999816894531,71.48999786376953,69.41000366210938,69.58000183105469,69.45538330078125,3225900
2025-05-22,GEHC,69.41000366210938,70.11499786376953,68.2229995727539,69.44000244140625,69.31562805175781,2835100
2025-05-23,GEHC,68.5,69.36000061035156,68.44000244140625,69.16000366210938,69.0361328125,2486600
2025-05-27,GEHC,70.37999725341797,71.38999938964844,69.7699966430664,71.01000213623047,70.88282775878906,3183800
2025-05-28,GEHC,71.01000213623047,71.44999694824219,70.5,71.1500015258789,71.02256774902344,2448600
2025-05-29,GEHC,71.80000305175781,72.0,70.77999877929688,71.52999877929688,71.40189361572266,2807600
2025-05-30,GEHC,71.33999633789062,71.33999633789062,69.58999633789062,70.54000091552734,70.41366577148438,7095500
2025-06-02,GEHC,70.43000030517578,70.44999694824219,69.86000061035156,70.1500015258789,70.02436828613281,2396200
2025-06-03,GEHC,70.0,71.30000305175781,69.30999755859375,71.16000366210938,71.03256225585938,2445300
2025-06-04,GEHC,71.3499984741211,71.55000305175781,70.93000030517578,71.12999725341797,71.00260925292969,1672500
2025-06-05,GEHC,71.30999755859375,71.9800033569336,70.8499984741211,71.55000305175781,71.42185974121094,1898800
2025-06-06,GEHC,72.0199966430664,72.44999694824219,70.87999725341797,71.62000274658203,71.49172973632812,2152700
2025-06-09,GEHC,71.8499984741211,72.98999786376953,71.4749984741211,71.66999816894531,71.54164123535156,2075600
2025-06-10,GEHC,71.88999938964844,74.12000274658203,71.76000213623047,73.91999816894531,73.78761291503906,4533500
2025-06-11,GEHC,74.00499725341797,74.16000366210938,72.83999633789062,73.4000015258789,73.26854705810547,3051600
2025-06-12,GEHC,73.20999908447266,73.79499816894531,72.33000183105469,73.11000061035156,72.97905731201172,3574800
2025-06-13,GEHC,72.19000244140625,72.79000091552734,71.91000366210938,72.25,72.12059783935547,2976900
2025-06-16,GEHC,72.3499984741211,73.12000274658203,71.68000030517578,72.86000061035156,72.72950744628906,3046900
2025-06-17,GEHC,72.37000274658203,72.70999908447266,70.8949966430664,71.13999938964844,71.01258850097656,2918100
2025-06-18,GEHC,71.25,72.16999816894531,70.98999786376953,71.88999938964844,71.76124572753906,3496300
2025-06-20,GEHC,72.5999984741211,72.61000061035156,71.21499633789062,71.27999877929688,71.15234375,6306600
2025-06-23,GEHC,71.27999877929688,71.38500213623047,69.48999786376953,71.16000366210938,71.03256225585938,3142300
2025-06-24,GEHC,71.58000183105469,72.29000091552734,71.41000366210938,71.9800033569336,71.85108184814453,8746500
2025-06-25,GEHC,72.01000213623047,72.8499984741211,71.0999984741211,72.75,72.61970520019531,5681100
2025-06-26,GEHC,73.0,75.29000091552734,72.91999816894531,74.86000061035156,74.7259292602539,5091900
2025-06-27,GEHC,75.19999694824219,75.56999969482422,74.08000183105469,74.37999725341797,74.24678039550781,6817100
2025-06-30,GEHC,74.0,74.58000183105469,73.5719985961914,74.06999969482422,73.93733978271484,2952400
2025-07-01,GEHC,73.81999969482422,76.82499694824219,73.61000061035156,75.94999694824219,75.81397247314453,3298700
2025-07-02,GEHC,75.77999877929688,76.16000366210938,75.36000061035156,76.12000274658203,75.98367309570312,2526100
2025-07-03,GEHC,76.18000030517578,76.52999877929688,75.69000244140625,76.06999969482422,75.93376159667969,1800500
2025-07-07,GEHC,75.61000061035156,76.48999786376953,74.37999725341797,74.61000061035156,74.47637939453125,3528300
2025-07-08,GEHC,74.66000366210938,76.68000030517578,74.5,75.19999694824219,75.0653076171875,3522500
2025-07-09,GEHC,75.8499984741211,76.11000061035156,74.87999725341797,75.51000213623047,75.37476348876953,2574300
2025-07-10,GEHC,75.51000213623047,77.31999969482422,75.12999725341797,76.5,76.36299133300781,2738500
2025-07-11,GEHC,75.66999816894531,75.86199951171875,74.94000244140625,75.12999725341797,74.99544525146484,1897900
2025-07-14,GEHC,74.80999755859375,74.875,73.87999725341797,74.44999694824219,74.31665802001953,2236700
2025-07-15,GEHC,74.79000091552734,74.93000030517578,73.66000366210938,74.38999938964844,74.25676727294922,4637500
2025-07-16,GEHC,74.44000244140625,76.20999908447266,74.19999694824219,75.44999694824219,75.31485748291016,6398500
2025-07-17,GEHC,75.29000091552734,76.58000183105469,74.80999755859375,76.23999786376953,76.10345458984375,3968000
2025-07-18,GEHC,76.83999633789062,76.8550033569336,75.44999694824219,75.95999908447266,75.82395935058594,3383600
2025-07-21,GEHC,75.72000122070312,75.9000015258789,74.09500122070312,74.16000366210938,74.02718353271484,3902800
2025-07-22,GEHC,74.16000366210938,76.77999877929688,74.11000061035156,76.48999786376953,76.3530044555664,4674300
2025-07-23,GEHC,77.5999984741211,77.80000305175781,76.69999694824219,77.25,77.11165618896484,2337000
2025-07-24,GEHC,77.0,77.8550033569336,76.31500244140625,76.7699966430664,76.63250732421875,2392500
2025-07-25,GEHC,76.76000213623047,77.83000183105469,75.97000122070312,77.61000061035156,77.50634002685547,3132700
2025-07-28,GEHC,77.37000274658203,78.7699966430664,76.98100280761719,77.73999786376953,77.63615417480469,3950900
2025-07-29,GEHC,78.20999908447266,78.69999694824219,77.44000244140625,77.72000122070312,77.61619567871094,4524000
2025-07-30,GEHC,73.3499984741211,73.92500305175781,70.31999969482422,71.63999938964844,71.54430389404297,12910000
2025-07-31,GEHC,72.33999633789062,73.01000213623047,71.11000061035156,71.31999969482422,71.2247314453125,6427700
2025-08-01,GEHC,70.38999938964844,70.9000015258789,69.08999633789062,69.8499984741211,69.75669860839844,5128400
2025-08-04,GEHC,70.41000366210938,70.9749984741211,69.91000366210938,70.63999938964844,70.54564666748047,3251600
2025-08-05,GEHC,70.98999786376953,71.54000091552734,70.51000213623047,70.73999786376953,70.6455078125,3726200
2025-08-06,GEHC,70.94000244140625,71.02999877929688,69.58000183105469,69.95999908447266,69.8665542602539,5171000
2025-08-07,GEHC,70.8499984741211,71.52999877929688,70.01000213623047,71.0999984741211,71.00502014160156,4233700
2025-08-08,GEHC,71.19999694824219,72.08499908447266,71.01000213623047,72.0,71.9038314819336,3025100
2025-08-11,GEHC,72.04000091552734,73.33999633789062,71.91999816894531,73.0,72.90249633789062,4130000
2025-08-12,GEHC,73.2300033569336,74.61000061035156,73.04900360107422,74.41000366210938,74.31061553955078,2338000
2025-08-13,GEHC,74.41000366210938,75.44000244140625,74.31500244140625,75.33000183105469,75.22938537597656,3067900
2025-08-14,GEHC,74.91999816894531,75.12000274658203,73.25,73.66000366210938,73.56161499023438,3122600
2025-08-15,GEHC,74.01000213623047,74.5199966430664,73.05999755859375,73.4000015258789,73.30196380615234,2926900
2025-08-18,GEHC,73.36000061035156,73.77999877929688,72.70999908447266,73.16999816894531,73.07227325439453,2292500
2025-08-19,GEHC,72.91999816894531,74.04499816894531,72.69999694824219,73.97000122070312,73.87120056152344,2949900
2025-08-20,GEHC,74.05000305175781,74.38999938964844,73.62000274658203,73.87000274658203,73.77133178710938,2156900
2025-08-21,GEHC,73.5,74.06400299072266,72.97000122070312,73.1500015258789,73.05229949951172,2575900
2025-08-22,GEHC,73.8499984741211,75.55500030517578,73.69499969482422,75.22000122070312,75.1195297241211,3666500
2025-08-25,GEHC,74.97000122070312,75.11000061035156,73.99800109863281,74.58999633789062,74.49036407470703,2022000
2025-08-26,GEHC,74.58000183105469,74.90899658203125,73.76000213623047,74.08999633789062,73.99103546142578,1845900
2025-08-27,GEHC,73.7699966430664,74.4800033569336,73.72000122070312,74.26000213623047,74.16081237792969,2113000
2025-08-28,GEHC,74.42500305175781,74.5,73.22000122070312,73.72000122070312,73.62153625488281,2511900
2025-08-29,GEHC,73.68000030517578,74.1500015258789,73.19999694824219,73.7300033569336,73.63152313232422,1983000
2025-09-02,GEHC,72.97000122070312,73.30999755859375,71.13999938964844,71.5999984741211,71.5043716430664,4045600
2025-09-03,GEHC,71.91500091552734,72.66000366210938,71.62999725341797,72.37999725341797,72.2833251953125,3882900
2025-09-04,GEHC,72.4800033569336,74.13999938964844,71.55999755859375,74.12000274658203,74.02099609375,2217100
2025-09-05,GEHC,74.25,75.75,74.20999908447266,75.7300033569336,75.62885284423828,3010700
2025-09-08,GEHC,76.13999938964844,78.43000030517578,74.98999786376953,78.16000366210938,78.05561065673828,6251200
2025-09-09,GEHC,77.94000244140625,78.88999938964844,77.41000366210938,78.70999908447266,78.60486602783203,3997900
2025-09-10,GEHC,78.70999908447266,79.69000244140625,75.6500015258789,75.98999786376953,75.88849639892578,4250400
2025-09-11,GEHC,75.94000244140625,78.4000015258789,75.63999938964844,77.95999908447266,77.85586547851562,4358000
2025-09-12,GEHC,77.47000122070312,77.63500213623047,76.37999725341797,76.44000244140625,76.33790588378906,3254100
2025-09-15,GEHC,76.58000183105469,78.23999786376953,76.5,77.76000213623047,77.65613555908203,3196700
2025-09-16,GEHC,78.31999969482422,78.5,77.30999755859375,77.4800033569336,77.37651824951172,3384400
2025-09-17,GEHC,77.5,78.68000030517578,76.11000061035156,76.62999725341797,76.52764129638672,2925300
2025-09-18,GEHC,76.98999786376953,77.05000305175781,73.75,74.0,73.90116119384766,3841300
2025-09-19,GEHC,74.45999908447266,75.54000091552734,74.38999938964844,74.91000366210938,74.80994415283203,6294100
2025-09-22,GEHC,74.61000061035156,75.06999969482422,73.7750015258789,74.7699966430664,74.67013549804688,3155900
2025-09-23,GEHC,74.62999725341797,75.44000244140625,74.47000122070312,74.5999984741211,74.50035858154297,3143100
2025-09-24,GEHC,74.70999908447266,75.04000091552734,73.66999816894531,73.9800033569336,73.88119506835938,2320500
2025-09-25,GEHC,72.9000015258789,72.9000015258789,69.78500366210938,71.5,71.40450286865234,5017100
2025-09-26,GEHC,72.2300033569336,72.98999786376953,71.72000122070312,72.45999908447266,72.36322021484375,2679100
2025-09-29,GEHC,73.0,73.6449966430664,72.44000244140625,73.08999633789062,72.99237060546875,2914600
2025-09-30,GEHC,72.80000305175781,75.2699966430664,72.70999908447266,75.0999984741211,74.99969482421875,4089700
2025-10-01,GEHC,74.95999908447266,76.5,74.20999908447266,75.51000213623047,75.40914154052734,3579400
2025-10-02,GEHC,75.0999984741211,76.8499984741211,74.61000061035156,76.81999969482422,76.71739196777344,2517100
2025-10-03,GEHC,77.16000366210938,77.94999694824219,76.43000030517578,76.55999755859375,76.45773315429688,2696300
2025-10-06,GEHC,76.66000366210938,76.69999694824219,75.87999725341797,76.41000366210938,76.30793762207031,1677100
2025-10-07,GEHC,75.12999725341797,75.48999786376953,74.19999694824219,74.48999786376953,74.39049530029297,2808300
2025-10-08,GEHC,74.43000030517578,75.18000030517578,73.80999755859375,75.12999725341797,75.02964782714844,2477900
2025-10-09,GEHC,74.87999725341797,75.28600311279297,73.79000091552734,74.22000122070312,74.12086486816406,1825200
2025-10-10,GEHC,74.01100158691406,74.54000091552734,70.02999877929688,71.01000213623047,70.91515350341797,7015400
2025-10-13,GEHC,72.0199966430664,72.83000183105469,71.69999694824219,71.83999633789062,71.7440414428711,2693700
2025-10-14,GEHC,71.16999816894531,73.0999984741211,70.9800033569336,72.33999633789062,72.24337005615234,2783600
2025-10-15,GEHC,72.88999938964844,73.94000244140625,72.26000213623047,73.22000122070312,73.12220001220703,3432900
2025-10-16,GEHC,73.88999938964844,74.23500061035156,72.75499725341797,73.37999725341797,73.281982421875,1766900
2025-10-17,GEHC,73.0,74.19999694824219,72.6500015258789,74.05000305175781,73.95108795166016,2049500
2025-10-20,GEHC,74.3499984741211,75.91300201416016,74.05999755859375,75.4800033569336,75.37918853759766,2050900
2025-10-21,GEHC,75.25,76.55000305175781,75.18000030517578,76.0999984741211,75.99835968017578,1644400
2025-10-22,GEHC,76.0199966430664,77.13999938964844,75.69999694824219,76.13999938964844,76.03829193115234,2547300
2025-10-23,GEHC,76.31999969482422,77.4000015258789,75.87999725341797,77.26000213623047,77.15680694580078,2235200
2025-10-24,GEHC,77.58000183105469,78.33000183105469,77.13999938964844,78.13999938964844,78.07099914550781,2600300
2025-10-27,GEHC,78.62000274658203,79.1500015258789,78.27999877929688,78.3499984741211,78.28080749511719,4093600
2025-10-28,GEHC,78.12000274658203,79.75,77.68000030517578,79.4000015258789,79.32987976074219,5877000
2025-10-29,GEHC,76.73999786376953,78.38500213623047,73.7300033569336,77.37999725341797,77.31166076660156,8765300
2025-10-30,GEHC,77.37999725341797,77.37999725341797,73.94999694824219,75.0,74.93376922607422,3474800
2025-10-31,GEHC,74.63999938964844,75.19000244140625,73.5199966430664,74.94999694824219,74.8838119506836,3275700
2025-11-03,GEHC,74.83000183105469,75.87000274658203,73.63800048828125,74.47000122070312,74.40424346923828,4442900
2025-11-04,GEHC,74.41000366210938,75.48999786376953,73.9000015258789,74.30000305175781,74.23439025878906,2489700
2025-11-05,GEHC,74.20999908447266,76.80999755859375,73.30999755859375,75.61000061035156,75.54322814941406,3732000
2025-11-06,GEHC,75.45999908447266,76.36000061035156,74.0199966430664,74.16999816894531,74.10449981689453,2554200
2025-11-07,GEHC,73.5999984741211,74.13999938964844,72.69499969482422,73.05000305175781,72.98548889160156,4401300
2025-11-10,GEHC,73.47000122070312,74.0,72.20999908447266,73.4800033569336,73.41511535644531,4400700
2025-11-11,GEHC,73.5,74.38999938964844,72.81999969482422,73.41000366210938,73.34517669677734,3672900
2025-11-12,GEHC,73.69999694824219,75.5,73.29000091552734,74.9800033569336,74.91378784179688,3034600
2025-11-13,GEHC,74.33999633789062,75.58999633789062,73.91999816894531,73.97000122070312,73.9046859741211,2708200
2025-11-14,GEHC,73.70999908447266,74.0250015258789,72.5,73.1500015258789,73.08540344238281,4407300
2025-11-17,GEHC,72.56999969482422,73.0,70.29000091552734,70.62999725341797,70.56761932373047,4806100
2025-11-18,GEHC,70.4800033569336,71.51000213623047,70.03500366210938,71.0199966430664,70.95728302001953,3371500
2025-11-19,GEHC,71.23999786376953,72.33999633789062,70.88999938964844,72.30999755859375,72.24613952636719,4218900
2025-11-20,GEHC,73.12999725341797,75.3499984741211,73.04000091552734,74.75,74.68399047851562,8322400
2025-11-21,GEHC,74.88999938964844,77.09500122070312,73.3499984741211,76.44999694824219,76.38249206542969,8388600
2025-11-24,GEHC,76.50499725341797,79.0199966430664,76.50499725341797,78.23999786376953,78.1708984375,7118800
2025-11-25,GEHC,78.23999786376953,81.94000244140625,78.1500015258789,79.95999908447266,79.88938903808594,5949700
2025-11-26,GEHC,80.06999969482422,81.2699966430664,79.70500183105469,80.62999725341797,80.55879211425781,3091600
2025-11-28,GEHC,80.6500015258789,80.69000244140625,79.62999725341797,79.98999786376953,79.91935729980469,1353300
2025-12-01,GEHC,79.3499984741211,80.29000091552734,79.0,79.23999786376953,79.1700210571289,2540800
2025-12-02,GEHC,79.72000122070312,80.7300033569336,79.3499984741211,80.22000122070312,80.14915466308594,2367800
2025-12-03,GEHC,80.20999908447266,84.11000061035156,80.0999984741211,83.58999633789062,83.51617431640625,5253900
2025-12-04,GEHC,82.93000030517578,83.69999694824219,81.55000305175781,82.5199966430664,82.44712829589844,3321100
2025-12-05,GEHC,82.91000366210938,85.55999755859375,82.54000091552734,85.45999908447266,85.38452911376953,4439300
2025-12-08,GEHC,85.4000015258789,85.88999938964844,82.4739990234375,83.08999633789062,83.01661682128906,4234100
2025-12-09,GEHC,83.13999938964844,83.63999938964844,82.69000244140625,83.02999877929688,82.95667266845703,2749300
2025-12-10,GEHC,82.67500305175781,84.87000274658203,82.51000213623047,84.47000122070312,84.39540100097656,2562000
2025-12-11,GEHC,84.47000122070312,86.19000244140625,84.13500213623047,86.05000305175781,85.97401428222656,3478800
2025-12-12,GEHC,86.0,86.0,83.55999755859375,83.95999908447266,83.88585662841797,2386900
2025-12-15,GEHC,84.80999755859375,85.05999755859375,83.61000061035156,84.44999694824219,84.37541961669922,3566100
2025-12-16,GEHC,84.44999694824219,84.5,81.73999786376953,82.25,82.1773681640625,3207400
2025-12-17,GEHC,82.19999694824219,83.55999755859375,82.11000061035156,82.37999725341797,82.3072509765625,3100800
2025-12-18,GEHC,82.80999755859375,83.4800033569336,82.23999786376953,82.5199966430664,82.44712829589844,2095100
2025-12-19,GEHC,82.99500274658203,83.63999938964844,82.30000305175781,82.88999938964844,82.81680297851562,6437600
2025-12-22,GEHC,83.4000015258789,84.18000030517578,83.05000305175781,83.94000244140625,83.86587524414062,2237700
2025-12-23,GEHC,83.80999755859375,84.01000213623047,83.16500091552734,83.31999969482422,83.24642181396484,2117000
2025-12-24,GEHC,83.43000030517578,83.83499908447266,83.0999984741211,83.38999938964844,83.31636047363281,807000
2025-12-26,GEHC,83.55000305175781,83.98500061035156,83.2699966430664,83.61000061035156,83.53616333007812,1462500
2025-12-29,GEHC,83.56999969482422,84.06999969482422,82.91999816894531,83.1500015258789,83.07656860351562,1383400
2025-12-30,GEHC,83.0,83.58999633789062,82.9000015258789,83.33000183105469,83.25641632080078,1510500
2025-12-31,GEHC,83.06999969482422,83.16999816894531,81.94000244140625,82.0199966430664,81.94757080078125,1578100
2026-01-02,GEHC,82.58000183105469,83.56999969482422,82.19999694824219,82.81999969482422,82.74686431884766,3433500
2026-01-05,GEHC,82.79000091552734,85.4800033569336,82.2300033569336,85.04000091552734,84.96490478515625,2857900
2026-01-06,GEHC,84.80000305175781,87.23500061035156,84.4800033569336,86.7300033569336,86.65341186523438,2512500
2026-01-07,GEHC,86.33000183105469,87.23999786376953,85.37999725341797,85.76000213623047,85.68426513671875,2450100
2026-01-08,GEHC,85.02999877929688,89.7699966430664,84.58999633789062,88.16000366210938,88.08214569091797,4219600
2026-01-09,GEHC,87.5999984741211,88.51499938964844,85.40499877929688,87.27999877929688,87.23755645751953,2991300
2026-01-12,GEHC,86.56999969482422,87.12000274658203,85.33999633789062,86.9000015258789,86.85774230957031,1965900
2026-01-13,GEHC,87.12000274658203,87.5999984741211,84.47000122070312,84.7699966430664,84.72877502441406,2709000
2026-01-14,GEHC,84.16000366210938,85.41000366210938,83.55999755859375,85.30000305175781,85.2585220336914,3776200
2026-01-15,GEHC,84.20999908447266,84.27999877929688,82.43000030517578,82.51000213623047,82.46987915039062,5188400
2026-01-16,GEHC,82.69000244140625,82.69999694824219,81.1500015258789,81.75,81.71025085449219,6127100
2026-01-20,GEHC,79.63999938964844,80.0,78.30999755859375,78.83000183105469,78.79167175292969,5702600
2026-01-21,GEHC,79.44999694824219,81.31999969482422,79.16999816894531,81.0999984741211,81.06056213378906,4418900
2026-01-22,GEHC,81.47000122070312,83.20999908447266,81.21499633789062,81.88999938964844,81.85018157958984,5526300
2026-01-23,GEHC,81.26000213623047,81.80999755859375,79.58000183105469,79.7699966430664,79.73120880126953,2340500
2026-01-26,GEHC,79.7699966430664,81.02999877929688,79.5199966430664,80.2699966430664,80.23096466064453,2915000
2026-01-27,GEHC,80.55999755859375,80.94999694824219,79.80999755859375,80.31999969482422,80.28094482421875,1969000
2026-01-28,GEHC,80.0,80.2300033569336,79.12999725341797,79.26000213623047,79.2214584350586,1985700
2026-01-29,GEHC,79.58999633789062,79.75,77.66999816894531,78.77999877929688,78.74169158935547,3697100
2026-01-30,GEHC,78.66000366210938,79.11100006103516,78.0,78.97000122070312,78.93160247802734,2724200
2026-02-02,GEHC,78.44999694824219,80.2300033569336,78.30000305175781,80.11000061035156,80.071044921875,3353200
2026-02-03,GEHC,79.62000274658203,80.83999633789062,78.2300033569336,78.77999877929688,78.74169158935547,4574200
2026-02-04,GEHC,79.70999908447266,85.54000091552734,79.06500244140625,82.62999725341797,82.5898208618164,7006500
2026-02-05,GEHC,82.31999969482422,83.9800033569336,81.79000091552734,82.30999755859375,82.26997375488281,3997700
2026-02-06,GEHC,82.4800033569336,83.5,80.45999908447266,80.6500015258789,80.61078643798828,3468900
2026-02-09,GEHC,80.00199890136719,80.5,78.58999633789062,79.08000183105469,79.04154968261719,3171000
2026-02-10,GEHC,79.41000366210938,80.58799743652344,79.12999725341797,79.22000122070312,79.18148040771484,3867500
2026-02-11,GEHC,78.93000030517578,79.49500274658203,78.30000305175781,79.19999694824219,79.16148376464844,3500200
2026-02-12,GEHC,79.61000061035156,79.83000183105469,76.66000366210938,78.6500015258789,78.61175537109375,3849900
2026-02-13,GEHC,78.6500015258789,82.08999633789062,78.47799682617188,80.33999633789062,80.30093383789062,5691900
2026-02-17,GEHC,80.16000366210938,82.6500015258789,80.05999755859375,81.61000061035156,81.57032012939453,3898800
2026-02-18,GEHC,81.62000274658203,83.18000030517578,80.88999938964844,82.94999694824219,82.90966033935547,2263300
2026-02-19,GEHC,82.54000091552734,83.08000183105469,81.69000244140625,83.01000213623047,82.96963500976562,2206800
2026-02-20,GEHC,82.80000305175781,87.12000274658203,82.29000091552734,84.2300033569336,84.18904876708984,5238900
2026-02-23,GEHC,83.91999816894531,84.70999908447266,82.58999633789062,83.86000061035156,83.81922149658203,2926500
2026-02-24,GEHC,83.86000061035156,85.16999816894531,83.5199966430664,84.05000305175781,84.0091323852539,2212500
2026-02-25,GEHC,84.0999984741211,84.95999908447266,83.13999938964844,84.02999877929688,83.9891357421875,2176700
2026-02-26,GEHC,84.19000244140625,84.76000213623047,82.875,83.91999816894531,83.87918853759766,2286000
2026-02-27,GEHC,83.22000122070312,84.68000030517578,82.5,84.2699966430664,84.22901916503906,3094000
2026-03-02,GEHC,82.93000030517578,82.93000030517578,79.56500244140625,80.16000366210938,80.12102508544922,3500800
2026-03-03,GEHC,78.29000091552734,79.19000244140625,77.29000091552734,78.12999725341797,78.09200286865234,4244300
2026-03-04,GEHC,78.5,79.22000122070312,77.77999877929688,79.0199966430664,78.98157501220703,2462100
2026-03-05,GEHC,78.08000183105469,78.36499786376953,75.55999755859375,77.11000061035156,77.07250213623047,3940400
2026-03-06,GEHC,75.72000122070312,76.27999877929688,74.19000244140625,74.2699966430664,74.23387908935547,2773200
2026-03-09,GEHC,73.3499984741211,75.9800033569336,72.30000305175781,75.62999725341797,75.59322357177734,2906100
2026-03-10,GEHC,75.13999938964844,75.5,71.72000122070312,72.7300033569336,72.69464111328125,4395500
2026-03-11,GEHC,72.56999969482422,73.19999694824219,71.91999816894531,72.6500015258789,72.61467742919922,2491100
2026-03-12,GEHC,71.69000244140625,72.1500015258789,69.19000244140625,70.33000183105469,70.29580688476562,4776100
2026-03-13,GEHC,70.98999786376953,71.12000274658203,70.16000366210938,70.7699966430664,70.73558807373047,4497400
2026-03-16,GEHC,71.87000274658203,72.56600189208984,71.33999633789062,72.16999816894531,72.13490295410156,3367300
2026-03-17,GEHC,72.72000122070312,73.88999938964844,72.02999877929688,72.33999633789062,72.30481719970703,3332100
2026-03-18,GEHC,71.5,72.08999633789062,70.17500305175781,70.25,70.2158432006836,4304700
2026-03-19,GEHC,69.44000244140625,71.02999877929688,69.375,70.37999725341797,70.34577178955078,4278500
2026-03-20,GEHC,69.87000274658203,70.55999755859375,69.0,69.6500015258789,69.61613464355469,5121600
2026-03-23,GEHC,71.91999816894531,72.4800033569336,70.83000183105469,71.6500015258789,71.61515808105469,3377400
2026-03-24,GEHC,70.87999725341797,71.8499984741211,70.66999816894531,70.95999908447266,70.92549133300781,6136900
2026-03-25,GEHC,72.12999725341797,73.08499908447266,71.83000183105469,72.19999694824219,72.16488647460938,3563200
2026-03-26,GEHC,71.76000213623047,73.50499725341797,71.36000061035156,71.54000091552734,71.50521087646484,4860900
2026-03-27,GEHC,71.08000183105469,71.25,69.1500015258789,69.2300033569336,69.19634246826172,3526000
2026-03-30,GEHC,69.99500274658203,70.45999908447266,68.44000244140625,68.7699966430664,68.73655700683594,3776900
2026-03-31,GEHC,69.9000015258789,71.38500213623047,68.72000122070312,71.18000030517578,71.1453857421875,3496500
2026-04-01,GEHC,71.0199966430664,72.13999938964844,71.0199966430664,71.9800033569336,71.94499969482422,3351200
2026-04-02,GEHC,70.38999938964844,72.29000091552734,69.80000305175781,70.3499984741211,70.3499984741211,2750700
2026-04-06,GEHC,70.3499984741211,70.87000274658203,69.84500122070312,70.4000015258789,70.4000015258789,2327000
2026-04-07,GEHC,70.4000015258789,70.80999755859375,68.94999694824219,69.7300033569336,69.7300033569336,3213300
2026-04-08,GEHC,72.81999969482422,74.12999725341797,72.0,73.75,73.75,4579700
2026-04-09,GEHC,72.73500061035156,73.20999908447266,71.2750015258789,72.91000366210938,72.91000366210938,3580400
2026-04-10,GEHC,73.41999816894531,73.69000244140625,72.58999633789062,73.18000030517578,73.18000030517578,2691600
2026-04-13,GEHC,72.62000274658203,73.95999908447266,72.05000305175781,73.83000183105469,73.83000183105469,2326400
2026-04-14,GEHC,74.08000183105469,75.08999633789062,73.88999938964844,74.66999816894531,74.66999816894531,2179300
2026-04-15,GEHC,74.62999725341797,75.08000183105469,73.44000244140625,73.51000213623047,73.51000213623047,3159100
2026-04-16,GEHC,73.5,74.30000305175781,72.8499984741211,73.19999694824219,73.19999694824219,2685900
2026-04-17,GEHC,75.04000091552734,75.94999694824219,74.36499786376953,74.66000366210938,74.66000366210938,3461400
2026-04-20,GEHC,74.02999877929688,75.18000030517578,73.86499786376953,74.1500015258789,74.1500015258789,2245900
2026-04-21,GEHC,74.42500305175781,74.63999938964844,72.08000183105469,72.26000213623047,72.26000213623047,2720700
2026-04-22,GEHC,72.86000061035156,72.86000061035156,70.91300201416016,71.37999725341797,71.37999725341797,3558100
2026-04-23,GEHC,70.98999786376953,71.43900299072266,69.2750015258789,69.88999938964844,69.88999938964844,3291600
2026-04-24,GEHC,69.47000122070312,69.58999633789062,68.5199966430664,68.83000183105469,68.83000183105469,3587200
